"em","sector","units","X1970","X1971","X1972","X1973","X1974","X1975","X1976","X1977","X1978","X1979","X1980","X1981","X1982","X1983","X1984","X1985","X1986","X1987","X1988","X1989","X1990","X1991","X1992","X1993","X1994","X1995","X1996","X1997","X1998","X1999","X2000","X2001","X2002","X2003","X2004","X2005","X2006","X2007","X2008","X2009","X2010","X2011","X2012","X2013","X2014","X2015","X2016","X2017","X2018","X2019","X2020","X2021","X2022"
"CH4","1A1a_Electricity-autoproducer","ktCH4",2.71424688189148,3.02046825651303,2.87149354058876,3.22762989261673,8.43485692976018,8.3060171514503,8.89580418804601,9.00730935479025,8.59752177158926,9.4638841324568,9.81273531272576,9.30819667661063,9.73389443636155,10.2703464562864,13.4254904675339,13.673143214446,14.7664839605852,14.9380703596644,15.849424939353,16.5140704254387,18.3520333020207,19.141399546677,20.8718265967368,21.0678570965667,22.1556480379497,24.3126764865587,27.1003815539115,27.7677766089648,30.8265704667898,33.2874908131402,32.3410183354887,32.4288673916276,34.3440281086116,37.0194484132758,40.0773235517899,48.2576702822431,55.1556003590792,59.3284232174137,67.7901653280006,76.4233849232639,91.8798475235347,95.1961009423082,101.260836709848,110.777299022943,124.153624347335,130.965274611434,143.289657456936,152.795592584776,171.918368840738,183.828470850017,191.094312151035,215.573096098265,197.269966897564
"CH4","1A1a_Electricity-public","ktCH4",92.3846983243984,100.407553548196,110.998453150527,118.086988127732,109.25454902093,110.770434283108,116.681210836423,120.261604895363,125.09705924078,135.418033624649,140.427517888247,141.119765666848,141.269844102656,139.095211875597,146.48983176087,146.244349004621,145.256752085151,154.655862420109,163.474638148518,181.999112550743,185.74890612675,190.165905489231,201.773111338212,210.429714521019,232.434699584575,248.225099496195,263.291430867489,276.863371080361,290.793570402974,313.644939976149,339.216587405937,355.305228451956,382.316633159977,387.965860675869,414.195172783922,423.408474022283,444.028820826105,477.58986099855,493.715960661986,495.320432101276,540.829383516908,541.035777555422,561.441945387206,560.986546296544,564.980423341177,579.122516283577,594.245872642482,595.704176187201,589.357665327205,578.715438493259,558.324131889444,598.791632994782,581.17999473296
"CH4","1A1a_Heat-production","ktCH4",74.6887634341478,76.7261535434427,80.1547219647048,83.7493523774498,87.3577474890748,93.0245250389097,91.182976329196,89.1351791592058,86.9115707175578,83.4027812069311,87.926793793836,93.7286017064516,99.4084615665608,103.765355565759,107.791131057731,126.918773226849,131.148737662782,140.497455485009,153.844592544274,175.189079841372,175.639324701857,179.327230620518,196.039855482975,188.546504255441,169.664775259274,180.097499258867,188.512385044916,179.043035843275,176.935451431924,177.612255862756,173.598653635568,177.097201934908,188.963052868352,205.32569202355,218.527196168493,236.44390104124,239.606883330845,240.99493924727,245.247603931588,242.390008145695,273.788495948724,284.916733480369,303.028131988647,311.10923217953,311.209404293471,307.27505410465,310.819088491188,309.46515707507,308.772866467439,320.934509684371,345.669032946435,345.846142157072,325.750977236816
"CH4","1A1bc_Other-transformation","ktCH4",12.9568694847766,13.1694838026391,14.0015477870143,15.5273181804627,15.9994272085857,15.4135433936155,17.323676899635,18.9276261889811,20.4954321966646,22.1157615846147,21.9503924940243,22.2950271008724,24.6229201711886,26.6373314654047,28.8175688954114,32.2605896297069,32.0805412529881,34.3694820367064,34.8000287207252,36.0920877499492,30.8227218206485,31.8210767071009,32.0738955701621,32.7885774769741,34.1854066418176,34.8237218302109,35.7281626143962,38.9627530350476,38.9661271532155,38.200419736261,37.5823929347038,39.0891791591068,40.8274528667809,44.4018637101662,45.4253655637769,47.787515053955,50.1935195656487,53.805868793667,57.9055104612184,56.3019330264824,59.7912670063925,57.5038203827017,58.2133596697594,61.6931735785069,59.4142415879444,60.7371890953426,58.8430872114638,58.8823967704577,63.3273996775416,66.5532394092292,61.7866736468586,62.0873591440618,61.76281733665
"CH4","1A2a_Ind-Comb-Iron-steel","ktCH4",30.8781405971974,41.1311866725662,40.0099017411499,42.1021521191582,44.5601169759004,44.7545371234676,46.9710150101155,48.2431761730752,49.0653614303099,51.8889456454847,64.6072686142325,61.4527912071655,60.2299691867764,61.7479776234008,67.2937097475716,63.863152131492,67.235223215683,70.1750503045858,74.4648079481044,75.2404922605489,77.1573884940167,79.9046588571963,77.9788983102404,84.2602044298159,84.7152026103912,101.236632872041,94.55914380119,97.7303776362365,93.4256622905296,86.5150443938647,99.182368964096,97.2595292241943,102.320590882126,111.982829423229,124.96303148753,139.268573894569,144.779754084713,162.249994612567,169.066132630414,172.326392711575,187.290515544444,209.467043702332,213.317787777259,230.343719348284,240.140576312812,234.213918052066,227.0327741651,229.240721799998,245.026167538091,236.960630326387,216.395984750407,222.696856004581,215.429383227903
"CH4","1A2b_Ind-Comb-Non-ferrous-metals","ktCH4",1.81222870871337,2.33775163704558,2.53421029209334,3.41000456724152,4.21806948114834,4.37875891518785,4.56443495687519,4.66975006268987,4.97678953176225,5.15608998288056,5.14245781910528,5.35829371806333,5.52677288113879,5.80759426259587,3.91559984400644,5.82240380074882,4.79108733636387,5.03050847140044,5.6226383914115,5.59538786690122,5.98498112658255,6.36704524558754,6.64387473066323,7.21710795066981,7.52999745385048,9.15068550514768,9.18247539488664,9.10916139805067,9.99021819878935,10.6274611594092,11.899995669784,11.1201996962764,11.9487658930645,11.7157195737848,14.3532684931866,14.5417592454751,15.7871040503455,17.0781322183848,18.030656350408,17.0669865850109,18.1873712341708,19.0444084180847,19.9040180452698,22.5572636425474,23.5888521607255,23.7994848173654,24.2158730094599,23.2998145991686,25.4146860260567,24.8869799492235,22.8915380256025,25.469781909191,24.1904178766392
"CH4","1A2c_Ind-Comb-Chemicals","ktCH4",12.1513849223245,12.6987453453563,13.2271920778516,14.2612331893578,14.5478978403759,14.404132673619,15.2583639160298,16.2396086401747,15.9496039772545,17.1443043491167,35.4751836650357,35.8363658723367,36.0262965321774,37.9748711802646,40.1940094756252,31.5451408857314,31.5378659451807,33.4027107536388,34.9697270499796,36.9350788739038,44.6652315675648,47.2375946648637,49.2904068457948,54.1071614732622,57.5271737977825,67.5831233395128,68.1998394670597,65.8153527354985,64.9029521924418,62.1688844620617,68.6358915730989,65.3202081069003,65.8443555550595,68.6632214126306,76.5842469799967,83.3855300336955,95.1401534947027,98.3449827579637,88.5954773499724,84.6511025220203,94.2878494797576,109.553927798495,109.973868492809,117.346557824624,117.238626659754,116.241306881512,108.016191762422,113.51764878239,118.769232480713,121.037989164324,117.955965213146,124.683752374588,119.646142431782
"CH4","1A2d_Ind-Comb-Pulp-paper","ktCH4",3.94694063261235,4.22434488837152,4.57420749950451,5.22709690643432,5.52206027514636,5.28037537518853,5.76446672720817,6.26319045040427,6.77072955268951,7.25319715810055,9.48270487570447,9.62915815846907,10.8845881348437,11.5258969657056,12.633124329121,13.9456261747825,14.5350318714552,15.1546943586307,15.9676364699119,15.8594281031874,16.3603812197148,17.5498701871231,19.1287434113934,20.7772173871967,22.0029564898021,26.6875525789445,25.5787428910976,25.1743675443098,25.7544484059216,27.8629456882809,29.6241530642578,27.3542153685044,28.8389232429813,30.5865275273438,31.6686171190196,33.4990565734519,33.0421874740789,33.9523457273587,34.8071698396605,34.220200214792,34.8089610565482,33.955412052769,34.8868832296411,36.8878613253161,36.6210282169472,36.3554195011604,37.0110107279275,39.344419014068,40.4948639241417,38.5277330343782,36.7649824262966,38.8556355771135,37.1959682310119
"CH4","1A2e_Ind-Comb-Food-tobacco","ktCH4",18.3202016352553,17.2317462684106,18.4233738649105,19.5375186529886,19.9792497720105,19.0709255705506,20.6969990534168,22.8907067618457,21.3057188210856,20.9133550000743,25.6312230688213,27.3397317131866,28.9512311488458,30.2090888778017,30.6917837022648,30.3044963587062,31.1075095574067,33.8038739629695,32.6761897365303,32.4804909463985,34.4491157665741,35.7661701997642,38.2031805479892,40.3402870273391,43.5197174289604,48.5602361463228,48.4670491421041,47.6781840405865,49.0199349080207,50.0710836972403,46.93095772837,47.3843342590817,48.9212514797,51.3066245027937,56.7928978779453,57.0399629295334,59.3974947626172,60.8257378445951,60.7297582873364,57.3776064455334,59.8408068003971,60.429275798166,62.4054698578461,65.0562118708237,63.5824070320517,64.0327896434796,66.5064555550245,68.4572600637569,65.6112054275281,65.4758249761931,65.8927255028011,64.8439952463703,62.418012847551
"CH4","1A2f_Ind-Comb-Non-metalic-minerals","ktCH4",12.9835094140985,13.5232431569666,14.7118663872617,15.850438114873,16.8310793727041,18.1533923258954,19.0613284516724,19.9067324371554,20.2071456486791,20.7720772652462,31.4836569516573,32.5648701286635,34.900560693107,35.5439535164475,37.4389201189251,43.9315357250251,46.28039615605,47.9993738051097,49.7183777826889,50.7630281848243,52.2816743145778,55.6482641300804,57.4918062443505,63.8640235992219,68.6968848962921,80.7610867483337,80.6894226648626,81.6337936315614,85.5499812458627,81.983648672744,82.6300731090217,84.6486249204665,81.0982670170344,93.1159825541502,106.885731413633,115.039938443977,110.943992952788,114.613895499275,116.084196479399,109.154269498671,112.187882598041,123.566159927519,125.251114172808,130.722517895206,136.665585391149,134.126834759617,131.323294159755,132.961138693232,135.648361728015,136.064272583155,142.486613221721,152.347961747065,147.961617757535
"CH4","1A2g_Ind-Comb-Construction","ktCH4",1.63795419309843,1.51275563927556,1.65324593918003,1.88526960341043,1.77232219712352,1.78727412393589,1.86486091530615,1.88006987301088,2.06617319158525,2.01527092090548,4.47420886613925,3.96284018883586,4.25741866072757,4.71808591635957,5.32969895881137,6.44328871463411,6.89005497999282,6.16142852105557,6.07403449023491,7.17199169996399,6.14654003156612,5.97100542256451,6.00564726507949,4.99936322112831,5.01930033739105,5.35920816330275,5.85774194113567,4.98094748120165,5.36634475410154,5.05745987137318,5.03090311132816,4.97174608292142,5.92557814651394,5.6537228916579,6.06091703639306,5.83863305513769,7.22166552691969,7.10796532751316,6.41072016222572,6.24794111227927,5.58576920447071,5.93039186861044,8.06902324742719,9.20402072239902,9.36824420475892,8.34022909845046,8.83638994150235,9.03155755955894,9.54018856322594,9.56584051688953,8.53887659803586,9.5444389049384,8.71002797634549
"CH4","1A2g_Ind-Comb-machinery","ktCH4",2.22564347718155,2.64062741710025,2.93468334876532,3.17146202523697,3.24881976814406,3.34010246794325,3.69031635622656,3.70164831345896,3.81533603042903,4.08114233128186,10.0758769977661,9.40051373675204,10.1023491881408,10.4281115696144,10.891340309481,11.2535249175808,11.4340065304304,11.9097753723415,12.024705866075,11.7213492112506,12.9527075029453,14.4976452189909,14.9832985976447,13.5847011549397,14.4854316012543,17.7751929132221,16.3931414240422,15.0457922311562,14.1790040501242,12.6583826831474,12.7732761832254,13.1341743751401,12.7299396348942,12.6171084089252,13.6056913335749,14.7937019123537,16.1717848084074,17.3724498843847,20.1053614182938,17.8517597898269,18.6906175350122,20.1320149954972,18.1881955584621,20.1293477689667,20.0501451105268,20.2405047782289,21.9259984455312,22.2026447026135,25.8590262468364,26.8156417821671,25.0821890574128,26.5515330606753,25.5707214869504
"CH4","1A2g_Ind-Comb-mining-quarying","ktCH4",1.34960621770315,1.54817409575227,1.59039831021989,1.99149969003172,2.15632107919034,2.1235544560647,2.16772018542229,2.28997830883781,2.55706115270135,2.65971004353744,3.11276064979465,3.07769439986501,3.02707389758811,3.09557260982507,3.70305953142191,3.69305512537041,4.01388411702286,4.08145960472006,4.15253433158978,4.51054752292262,6.44085309358234,6.91284337823705,6.8020519708803,6.81378613106583,6.48688725888373,7.10264089198246,7.01760434641062,6.24975783032223,5.98470927258317,5.49207816079563,5.32652105495188,5.70376741382823,5.67815499876997,6.14526308738673,7.09359521632664,7.75952496098853,7.86631347831247,8.12356796809386,9.17056360459021,7.52851965101485,9.91526668216021,10.254537661486,11.02718532117,11.1237161260042,11.0286991464074,11.1818414301586,9.58928539320126,9.84066968290249,10.5290420220927,11.3469224485343,10.3809196670574,10.8657093103517,10.5494139936585
"CH4","1A2g_Ind-Comb-other","ktCH4",112.252368198947,115.452670268635,118.701460687705,124.672004529912,126.57508705177,129.322722868572,134.491420518243,144.198824249414,151.420684009834,156.777146608567,104.398644975295,104.362157142138,100.576794609938,104.167731000506,113.092937886811,110.479161039007,114.852159652219,122.422098240853,125.138996821233,120.475949898053,111.417451438454,107.681915124472,110.477922606207,101.974679607049,102.950788115786,85.6247316990283,88.1296564466087,96.3603236241167,100.349144216068,100.73520067976,102.196065902403,109.679157011725,111.345593207055,114.212878801062,125.983637355723,150.260870737202,159.476850002379,157.392712583674,164.467896392584,164.010073183139,199.564427822926,176.362281327357,180.252716185262,185.29545192256,176.003822338066,170.225149819996,170.845413190695,173.747896866425,181.06829848406,184.088908665604,187.517793364578,199.656399146104,197.264543353707
"CH4","1A2g_Ind-Comb-textile-leather","ktCH4",2.84696468051933,3.05701664396752,3.24809931373962,3.22912307003994,3.1599401119662,3.26876849311653,3.45241206684088,3.46565953912618,3.54570516072542,3.53158178513338,6.82984842251421,7.36337671269002,7.67174751301654,7.87207013804491,7.97319571488512,7.48940491508707,7.86147353803333,8.82451588627793,9.4363596096222,8.8689755139979,9.46841317788471,9.93559639387896,10.5275846230183,10.8316559960272,11.8724435528194,15.2836968751758,14.5547546615675,14.2194201421505,14.2883034541392,12.4239794376432,14.3917359363802,13.3447719914295,12.7263761481629,12.6980095196964,14.6515742607524,14.5057845756497,13.8231466384031,13.1960253726721,13.4587185700344,11.7480293526112,12.210886580681,12.9994686814574,12.5586239572326,11.9950932891735,11.8624686665672,12.0578207448764,13.153835298906,14.7306345179239,14.4242073013461,14.0541799552761,13.1375946191387,15.4974547353514,14.9743654800242
"CH4","1A2g_Ind-Comb-transpequip","ktCH4",0.599153889201818,0.716733568721692,0.76937116260532,0.781303262353275,0.778140402636222,0.760327483069014,0.809255696415332,0.858806141134777,0.862973382988231,0.931160429655596,0.847920920152817,0.864078582540048,0.842668883902205,0.853970617740367,1.09157882552702,1.10990406506119,1.13484049087892,1.22062357453713,1.17572927095797,1.15597971631539,1.22778876764765,1.24461634722934,1.29759610430216,3.21715572373248,3.44477304412949,4.61465054381792,4.77237774591167,4.94863079766166,5.28477435796002,5.15512604237055,5.88800535002757,5.8817354019857,6.09845153405765,5.91686792715437,6.24249259659579,6.23113829725964,6.41218979440027,6.325776183192,6.68924958317413,6.23767490037075,6.35461617296576,7.55131375999889,8.56557554039504,9.03844982815104,9.16078880293874,8.41424937044622,8.46067705909533,9.52573954858617,16.4137028051333,8.73323326409645,7.90428246851271,9.36915311627472,8.93531142559886
"CH4","1A2g_Ind-Comb-wood-products","ktCH4",0.347497207972941,0.362327502145393,0.383791593549118,0.477033687854136,0.509592506683878,0.523421192765876,0.560727220205508,0.596038280254587,0.622255663476737,0.650197530941015,1.33790968786555,1.31689191341438,1.30256370900222,1.33256132136162,1.51282538438592,3.02195904454698,3.07924806535579,3.30576028474362,3.50320736010636,3.57980561382579,1.40369299494311,1.50153693326559,1.57876574787364,2.11896631397426,2.36382392433221,3.03841451372398,3.15173120184254,3.22316764668947,3.33674348094141,3.53480823588408,3.34723376492649,3.18674412310925,3.17734458090114,3.37330898784174,4.35320856297851,4.27938496503899,4.12673739432364,4.1939166071241,4.37222471283254,4.28865489139266,4.11242792772813,4.36925747810845,4.30014848685914,4.58253250251232,4.39072811701918,5.37957327593796,5.41764011316389,5.64403327738874,5.88212738227824,5.82107538753828,5.40968006819886,6.24817003506799,6.15988532543746
"CH4","1A3ai_International-aviation","ktCH4",0,0,0,0,0,0,0,0,0,0,0,0,0,0,0,0,0,0,0,0,0,0,0,0,0,0,0,0,0,0,0,0,0,0,0,0,0,0,0,0,0,0,0,0,0,0,0,0,0,0,0,0,0
"CH4","1A3aii_Domestic-aviation","ktCH4",0,0,0,0,0,0,0,0,0,0,0,0,0,0,0,0,0,0,0,0,0,0,0,0,0,0,0,0,0,0,0,0,0,0,0,0,0,0,0,0,0,0,0,0,0,0,0,0,0,0,0,0,0
"CH4","1A3b_Road","ktCH4",665.627431572069,708.267385620384,759.269048848305,810.938477048097,810.79530583544,846.775174585608,885.720359665024,922.263884401293,972.858528906824,990.170082443381,988.166027795476,989.930790660071,996.03111337887,1015.5564171267,1040.31142949637,1053.79936721023,1099.49902461148,1145.5503887164,1198.28448772699,1241.44014473563,1266.29020816166,1278.03927218546,1309.46183975556,1337.94293087662,1344.95982373059,1376.0373740835,1387.63798768691,1358.67861675484,1325.35816382735,1279.68473924982,1260.33190784999,1229.78779078465,1217.29063180518,1221.38105043607,1229.03866610784,1228.7787009488,1210.79846125501,1234.04171544867,1313.82872057126,1352.145633469,1401.2648216032,1443.41218145764,1453.73252384063,1474.85937910263,1478.24999607042,1498.28130071078,1487.46545008052,1479.37759459612,1476.47770241276,1472.32097262827,1334.72052351738,1375.81472118271,1338.50200605797
"CH4","1A3c_Rail","ktCH4",17.9857619404647,15.263482234243,15.6957100318627,16.2522055423058,16.2903606719201,15.64004179862,15.4304550020151,15.5692610851887,15.3525806841555,15.4989843848544,15.0260838056539,14.778612824429,14.0786601603538,12.9859731225843,13.2477816359685,12.7850263400477,12.8377389077588,12.8316376688503,12.9173488696109,12.6713835638981,12.4682501496345,11.8685204559231,11.5684866974724,10.6215801133319,9.87717474312854,9.72442090210692,9.62206964371714,9.08854819501183,8.55135079963473,8.17930555061066,10.6685945411352,10.2671760490467,10.1554228306895,10.4299836219192,11.1714097315674,11.8236980213161,12.2294500846571,12.260956559749,11.745834015753,10.2893155258846,10.6288054300634,11.5895374349333,11.0878962030093,10.913387209774,10.5707725615641,10.1537988519613,9.87906263100112,10.1016063629424,10.5945871981726,10.5513535926752,8.80419248793602,9.41648169024693,9.61549333760663
"CH4","1A3di_International-shipping","ktCH4",6.23219099398501,6.36681222022504,6.66272286678824,6.99557560298643,6.49384407081936,5.95687716702963,6.13301006379747,6.09737547080462,6.12627033445126,6.31104235886387,6.13452571018847,5.66174274565119,5.08616412406263,4.77067336048123,4.94315672290181,5.38486144189754,5.74560689814974,5.97996529129239,6.53313342536133,7.09499082412438,7.12433678732296,7.66086999125558,7.8110434616625,8.20667706333323,8.59998891888579,8.88860016760232,8.74385189479671,9.54947458619595,9.5066364220385,9.52498822891549,10.3229207452656,10.430178320239,10.5984470230011,11.2505685284381,12.1966517345478,12.9449019892667,14.1188040915364,15.1518008890339,15.9661526125678,13.4260195897381,12.364320101203,13.8986219358446,12.5655045687372,12.3894877897754,12.4984437712591,13.1864286452706,13.8973848248471,14.6082245241885,14.6546933213061,15.8217662774432,15.0476633166724,16.3073267375727,14.4841254581386
"CH4","1A3di_Oil_Tanker_Loading","ktCH4",0,0,0,0,0,0,0,0,0,0,0,0,0,0,0,0,0,0,0,0,0,0,0,0,0,0,0,0,0,0,0,0,0,0,0,0,0,0,0,0,0,0,0,0,0,0,0,0,0,0,0,0,0
"CH4","1A3dii_Domestic-navigation","ktCH4",2.36622720315164,2.5795117764559,2.59394465126511,2.6424219041371,2.7961764798112,3.02229577845336,2.88462606005495,2.92599073339931,3.02928885409348,3.17031116301764,3.41381452001153,3.42167240664475,3.40451852606102,3.32593802083344,7.04896589508033,8.43690903140315,7.505621780811,7.56071381075402,7.83033986959444,8.00857393005624,8.31387956399196,7.6021829249474,8.39602331077329,8.38784753589318,6.53907071258747,7.28230050955302,7.08919030089755,6.56216548009425,5.76814599107216,6.09965263900088,5.81137520427193,5.33114954879482,5.42520881426691,5.55841311992182,5.33737140329681,5.7576529921354,5.76311011580731,5.93728211329507,5.46514802160282,6.14977806620543,5.56477897141136,6.20864713702829,6.41620691241276,6.63934907177054,7.25068982232801,7.24082849106701,7.29085966795759,7.41644976695547,7.22861708808045,7.48038433014453,4.45689395676311,4.85914501888525,4.80735057385822
"CH4","1A3eii_Other-transp","ktCH4",5.20470220937969,5.78094196189671,6.28410186878162,6.85440133777699,7.59492499322943,8.31118534642877,8.92164007945563,9.71272937249546,11.2310031066359,12.397390773652,17.8496912557903,16.8467345347006,15.8580620660972,15.2935921588279,16.1517236907104,16.9105604869206,15.9067124495502,16.6695802895432,16.9650058766775,18.0865686586116,5.29253890368087,4.36407321390787,3.98569814324611,2.84069616703223,2.28091191397784,2.10566039855995,1.99664105098248,1.97894373321553,3.19794944756594,2.14285873167562,2.5050573685287,3.29774717453599,2.05983691439935,1.72064494295047,2.29987861664853,3.31446291781008,2.49236623488734,2.47369565214958,2.54161455808306,3.62467740369302,2.65671893670685,2.68266244736603,2.7239362946631,2.96624324740939,5.2137426256382,6.34452874408333,3.36086610867591,2.91877393047831,7.46754527364349,4.28272455632015,3.88409954088828,4.01023345117156,3.83954449487202
"CH4","1A4a_Commercial-institutional","ktCH4",136.750494380491,150.315289174952,159.90951878462,164.347038070434,168.115145642385,170.677893016855,182.856180823519,183.660739487878,194.7858208657,204.820887339664,199.389729757506,201.151923774853,206.841211928648,209.865526084257,233.272403079624,242.146830480609,256.854948716891,253.72029725271,274.938018290612,281.655978091678,305.626452662767,328.03759557849,314.541480438448,306.996525394023,285.088205676885,303.544841520725,315.781194074087,300.178882190397,297.404560866009,306.876515407852,310.211006607827,314.971443726578,303.824652411483,332.986363455278,357.177687138995,363.569880198717,373.987536973929,369.787336881679,369.818421364428,360.115076457932,376.578310443088,361.910129950313,365.929013999241,383.191547769787,371.905239384921,373.934370502504,369.763030971112,372.821412483415,382.064044586636,394.818640085145,353.741593313439,378.514920021207,358.763379303134
"CH4","1A4b_Residential","ktCH4",6796.93928329433,6940.62655166269,7092.81266512413,7209.80555796447,7312.24928117657,7514.74797687476,7613.50721800424,7729.21278807565,7879.628711444,8040.50584263649,8151.25122926008,8244.44118709984,8375.06994254811,8493.23021477266,8732.15020715057,8971.21581670042,9167.22645992266,9290.57602024344,9483.94380711059,9652.88425485869,9858.05377808653,10132.8695486663,10098.8138462159,10261.2285058257,10154.9605488716,10250.085461811,10312.2503024857,10345.3927283587,10329.3992003382,10501.2454224317,10529.6650685316,10452.2648431436,10367.5710506419,10443.9284271101,10423.5035099572,10336.6471593007,10370.2453203299,10266.4417968345,10276.421025602,10137.9006627504,10152.4785128364,10059.2832597179,9989.66563002155,9991.72630940499,9888.71741948314,9848.71927193381,9778.05009507095,9813.5008480409,9703.52475030644,9709.479029542,9579.81033948403,9663.39213590649,9495.95113176983
"CH4","1A4c_Agriculture-forestry-fishing","ktCH4",65.4565610305574,72.7796443546583,74.5391515667989,75.4145237001561,74.9881130087725,78.2482449785772,78.5092174788658,79.8339172106285,82.7466548346573,84.5013109844955,83.8551311792912,83.3085367311681,86.150021058173,85.920702668857,96.4814219212111,110.320021126215,114.221873929283,117.534500557958,123.589445526017,125.093241068202,120.711458167843,115.421228443384,117.366125413207,111.754340822567,101.314012973973,100.238488458894,87.2233263093065,90.6959635800731,85.6171571660926,83.4681315708614,71.7563072852713,70.0259395187963,72.9985099161272,75.7516606746492,79.9539331942973,82.1595610081152,81.5210802563062,83.0696885686081,82.0885146904966,80.413341436092,83.3874140156865,84.449076838631,84.7908367469634,87.2626884635384,85.29023027646,89.9201075301618,90.578828270363,92.0515283399863,89.7871008547576,90.3419910537448,88.6911833989297,89.826990978065,86.6050659550005
"CH4","1A5_Other-unspecified","ktCH4",21.8677618660591,27.9716697507979,31.2279005202323,35.5706488623317,37.3873920574125,40.1738638288162,44.3867679397757,47.9589076954112,51.7034914737273,57.4475637663187,57.2950795669825,59.5874270143478,57.7387521288356,62.3026256721405,47.1985678822094,42.7598530458245,45.0373259869018,51.631203020973,41.1826637325576,40.5364339430299,27.120364616168,38.4142862470266,43.128637994285,54.7695745493003,65.9029874663674,28.8298745014604,25.7134107885384,31.3329797834582,31.0184562700246,37.9514750577572,40.0486302312948,38.4174100064881,37.4095578783643,34.3946188967027,34.5444026052161,31.7961517652157,28.8253702333221,29.2734817349316,35.9088917816171,34.8516491010541,36.0074631563771,26.7106774739658,24.489038494882,19.9978993835871,27.6123577174476,28.317161193534,32.4134671939273,39.5771920077977,41.4223834087014,22.7532673275953,33.6538985136951,41.5780286770262,38.18234268769
"CH4","1B1_Fugitive-solid-fuels","ktCH4",28251.2683768346,27154.9773596632,27013.8379127493,26994.5718366384,26496.3486704716,27342.4823749807,27241.3344102436,27316.9473647937,27530.015411566,28415.7672111465,28265.1998606577,27504.5707484636,27905.6218544782,27298.255151842,27592.9005960333,27759.5423899166,28528.841414576,28845.4844641309,29232.50542177,29683.1126630264,28941.7376990279,27999.8385589702,27441.21819249,26411.7161327951,25594.9508434701,25990.9736781368,25711.5580628853,25638.8543512152,25018.5612309406,24715.5071757148,25253.8099686199,25778.1973011392,25717.3683864862,27571.4042015504,29542.6778743977,31428.505649486,33088.4902043383,34366.311491934,35338.2327105135,35737.0684305907,37819.8976516654,41380.0041523056,41996.6537464871,41265.4328639093,41576.0163984335,40368.7209259123,39215.3606831119,40325.0711735859,42643.0248145251,43650.02497297,42419.3715683947,43441.74564417,46137.5454283236
"CH4","1B2_Fugitive-petr","ktCH4",69770.7546208086,66982.505485425,69562.7027321799,74250.0253268118,71994.9862206243,69499.4556467848,71929.4141145934,73517.3044975263,73953.9289257639,75951.3895076728,71703.4089529707,64828.0145909757,62470.5815004888,61510.8253548664,62176.4299956159,61541.4167899078,63630.8247975431,63416.4682401021,65402.9924082,66396.3144180137,65809.6541143507,63433.8871349575,60764.1592977444,59685.9138081977,60480.5106300715,61765.8385321949,65708.9815590519,66648.2980848865,64628.3461869038,62573.4317858422,64770.5971938794,64737.6999445827,62174.7887132137,65611.0076474075,68476.3448017275,68953.969430271,68228.6867153993,65497.4909558071,66003.2755991585,63824.0361577101,63529.9539627482,62268.4759560902,62623.4163079329,60875.2368285259,59924.0690988214,59289.0840687006,59018.4382147028,58035.7242918358,57067.7456931424,55163.5458312978,50623.3701936129,50568.8305401866,50339.7599692286
"CH4","1B2b_Fugitive-NG-distr","ktCH4",8118.51479110751,8535.19662387055,8836.51639646597,9100.26079726903,9183.14241407718,9204.14826051609,9568.79523703743,9667.0391555747,9841.62442501494,10140.7686783954,10254.1242376562,10327.1380802375,10170.8071774881,10078.4229779976,10146.616888703,10388.2525787708,10171.8614478348,10810.4577400918,11253.8411303912,11452.281349194,11136.9206632896,11199.6268354871,11224.0297768657,11264.8807850319,10956.8365759492,10887.5585377179,11226.9019472153,11235.7810178162,11212.4698368426,11659.8374396319,11825.4995077368,11819.0675416655,11848.017305502,12191.4737684514,12330.1031621148,12457.248358601,12481.8687373189,12639.1171983015,12664.3195760655,12052.9708493649,12680.2767771925,12851.1321831023,12641.3783209614,12634.9016292948,12494.7627553485,12323.588625278,12293.398085815,12114.9666900681,11897.3131074143,11658.3435344712,11355.4076645607,11096.3093296273,11045.2435810963
"CH4","1B2b_Fugitive-NG-prod","ktCH4",5519.64655798507,5728.66360586422,6018.6070880113,6389.93891474414,6495.4265957801,6485.38927138219,6749.47142671324,7025.86161133932,7190.40913183319,7585.41464505915,7713.46804389335,7803.90942931321,7877.20183125151,7763.18322542029,8125.93734141452,8243.38751335086,8430.0744466536,8489.09013157851,8708.70549518545,8866.03729334004,8901.62943997423,9130.35716598222,9233.08571192036,9640.82080110101,10056.2611694593,10284.5626643552,11022.6922118082,11498.8158987008,11770.1287023322,12067.2703054354,12502.7423568554,13120.335640985,13328.9482925167,14000.2041196976,14665.9721467473,15344.8233997575,16755.6242439612,17442.9509223975,18411.66550668,18075.631596193,19041.4997766693,20316.0683664636,20934.0996799999,21891.9966131279,22628.1924567535,23164.686420317,22992.0482881755,23259.5402592159,23708.0262635519,24009.2315386876,22924.0964832729,23581.2446178895,23463.8341326329
"CH4","1B2d_Fugitive-other-energy","ktCH4",0,0,0,0,0,0,0,0,0,0,0,0,0,0,0,0,0,0,0,0,0,0,0,0,0,0,0,0,0,0,0,0,0,0,0,0,0,0,0,0,0,0,0,0,0,0,0,0,0,0,0,0,0
"CH4","2A1_Cement-production","ktCH4",0,0,0,0,0,0,0,0,0,0,0,0,0,0,0,0,0,0,0,0,0,0,0,0,0,0,0,0,0,0,0,0,0,0,0,0,0,0,0,0,0,0,0,0,0,0,0,0,0,0,0,0,0
"CH4","2A2_Lime-production","ktCH4",0,0,0,0,0,0,0,0,0,0,0,0,0,0,0,0,0,0,0,0,0,0,0,0,0,0,0,0,0,0,0,0,0,0,0,0,0,0,0,0,0,0,0,0,0,0,0,0,0,0,0,0,0
"CH4","2Ax_Other-minerals","ktCH4",0,0,0,0,0,0,0,0,0,0,0,0,0,0,0,0,0,0,0,0,0,0,0,0,0,0,0,0,0,0,0,0,0,0,0,0,0,0,0,0,0,0,0,0,0,0,0,0,0,0,0,0,0
"CH4","2B_Chemical-industry","ktCH4",68.7833841425283,65.9216623433381,76.9121709118108,80.7637233332854,72.5621684741107,72.4678698141354,84.2683224516802,83.5400736568254,90.2862460609259,90.342052402366,81.4888519084239,85.443992637713,92.5228429642986,88.51614484715,94.2083442253962,94.214976203711,100.809620832014,105.007693001121,105.356972901534,105.528082213604,108.394516760739,105.083247863055,102.616960285954,107.442643788532,118.503744715257,124.283798409546,124.836620561092,128.736084690698,138.033692090178,137.428723944377,143.409158211832,178.647138057302,212.577883630365,240.476792690027,236.089293345891,230.471474044509,234.797268697944,243.955937980979,236.654195599348,203.351423564374,243.935838002578,296.187849505163,306.086377460332,271.754797847527,293.550983884512,301.033186349943,311.839191117438,362.537961176219,375.27587986122,388.857163681818,380.184004406761,392.705930406893,374.995011138551
"CH4","2B2_Chemicals-Nitric-acid","ktCH4",0,0,0,0,0,0,0,0,0,0,0,0,0,0,0,0,0,0,0,0,0,0,0,0,0,0,0,0,0,0,0,0,0,0,0,0,0,0,0,0,0,0,0,0,0,0,0,0,0,0,0,0,0
"CH4","2B3_Chemicals-Adipic-acid","ktCH4",0,0,0,0,0,0,0,0,0,0,0,0,0,0,0,0,0,0,0,0,0,0,0,0,0,0,0,0,0,0,0,0,0,0,0,0,0,0,0,0,0,0,0,0,0,0,0,0,0,0,0,0,0
"CH4","2C1_Iron-steel-alloy-prod","ktCH4",202.82220394214,188.021466951455,199.141484091733,199.075203473424,180.236779117462,169.713219566232,164.173264877018,146.451358920362,138.581974786598,144.500190288395,127.685793228695,123.365563545912,93.3125391311533,78.6931261391084,96.5405370889835,94.278978576623,87.7419179399276,88.7684353819094,92.0535602333957,91.9620234837439,89.0099853969116,79.0536797523242,76.8942484574111,68.8773803046326,65.2440965318707,64.1779440376401,61.4005890413759,66.6466652604127,67.0345241885101,69.9065521445069,77.1995477123647,78.0130074685369,82.517157705829,89.2444526813464,100.538787504776,107.410591920224,118.631959007847,133.625506275058,126.323326517022,120.291911712314,136.820369900759,144.667809546772,149.863901183572,162.098131322093,170.492352999801,149.842986815167,150.143373450227,148.381544742656,159.36845441647,169.403412983386,170.245881861899,172.478792250807,159.215318340396
"CH4","2C3_Aluminum-production","ktCH4",0,0,0,0,0,0,0,0,0,0,0,0,0,0,0,0,0,0,0,0,0,0,0,0,0,0,0,0,0,0,0,0,0,0,0,0,0,0,0,0,0,0,0,0,0,0,0,0,0,0,0,0,0
"CH4","2C4_Non-Ferrous-other-metals","ktCH4",0,0,0,0,0,0,0,0,0,0,0,0,0,0,0,0,0,0,0,0,0,0,0,0,0,0,0,0,0,0,0,0,0,0,0,0,0,0,0,0,0,0,0,0,0,0,0,0,0,0,0,0,0
"CH4","2D_Chemical-products-manufacture-processing","ktCH4",0,0,0,0,0,0,0,0,0,0,0,0,0,0,0,0,0,0,0,0,0,0,0,0,0,0,0,0,0,0,0,0,0,0,0,0,0,0,0,0,0,0,0,0,0,0,0,0,0,0,0,0,0
"CH4","2D_Degreasing-Cleaning","ktCH4",0,0,0,0,0,0,0,0,0,0,0,0,0,0,0,0,0,0,0,0,0,0,0,0,0,0,0,0,0,0,0,0,0,0,0,0,0,0,0,0,0,0,0,0,0,0,0,0,0,0,0,0,0
"CH4","2D_Other-product-use","ktCH4",0,0,0,0,0,0,0,0,0,0,0,0,0,0,0,0,0,0,0,0,0,0,0,0,0,0,0,0,0,0,0,0,0,0,0,0,0,0,0,0,0,0,0,0,0,0,0,0,0,0,0,0,0
"CH4","2D_Paint-application","ktCH4",0,0,0,0,0,0,0,0,0,0,0,0,0,0,0,0,0,0,0,0,0,0,0,0,0,0,0,0,0,0,0,0,0,0,0,0,0,0,0,0,0,0,0,0,0,0,0,0,0,0,0,0,0
"CH4","2H_Pulp-and-paper-food-beverage-wood","ktCH4",0,0,0,0,0,0,0,0,0,0,0,0,0,0,0,0,0,0,0,0,0,0,0,0,0,0,0,0,0,0,0,0,0,0,0,0,0,0,0,0,0,0,0,0,0,0,0,0,0,0,0,0,0
"CH4","3B_Manure-management","ktCH4",7197.04215862024,7507.81591708925,7623.58107294797,7682.62444690116,7761.18803095674,7714.25238336587,7676.27949962978,7836.4982128818,7952.32683127092,8103.51405513392,8315.68171126793,8302.76667806127,8299.06764424345,8303.23813402776,8411.17496647391,8439.46191806003,8549.87107052348,8528.93393360541,8576.54799250606,8646.12584092065,8649.06425460564,8684.44232773845,8544.49197048535,8635.30892443612,8778.82932717605,8849.04084772977,8840.69938165452,8708.84287612438,8897.13681958093,8929.32892081521,9041.13118173021,9129.03216141387,9221.01682335536,9286.96360527082,9258.78871277958,9412.54669869643,9503.5368781659,9747.46869650458,9684.3474540341,9756.84876428918,9794.6513844363,9861.56947189957,10102.473995937,10028.9693482807,10107.3623959614,10313.2843465062,10421.7861501631,10511.1991157848,10643.2750649252,10375.0383712008,10659.2722849196,10640.1978854979,10646.3647377114
"CH4","3D_Rice-Cultivation","ktCH4",20305.6206833339,20657.0937138276,20314.7218459943,21015.2447997836,21199.0194215951,21840.4281689843,21772.7395567043,21957.8578853704,22044.6918595228,21698.6378110408,22143.2280598726,22288.6323353945,21730.5553409844,21698.979998467,22022.8951562132,21936.6072169615,21927.6753511553,21498.8668888142,22230.5765062281,22649.0307171022,22433.8080258005,22351.9433988959,22449.1371927814,22368.596284358,22441.5794505561,22928.2977668733,23210.9944744524,23263.4752064117,23191.1083536241,24085.9452255718,23701.8604634669,23201.4339310085,22820.459527821,22690.3325721857,23149.4022785084,23779.5429661153,23796.4805325551,23809.5792176348,24314.0074524299,24190.493335362,24673.4152478416,24718.8992360462,24620.9256242028,24821.8354572847,24630.5375266782,24399.8286881829,24487.7263335576,24818.9019238814,24979.7145684106,24418.8069146543,24797.7409669625,24767.7423021934,24767.9595595098
"CH4","3D_Soil-emissions","ktCH4",0,0,0,0,0,0,0,0,0,0,0,0,0,0,0,0,0,0,0,0,0,0,0,0,0,0,0,0,0,0,0,0,0,0,0,0,0,0,0,0,0,0,0,0,0,0,0,0,0,0,0,0,0
"CH4","3E_Enteric-fermentation","ktCH4",70801.6134801094,71789.5438785761,73033.9480409937,73913.7732352352,75695.8846945079,77022.1396062932,77713.8747171464,77955.2150010217,78056.1867639964,78454.1099053238,79389.1790615945,80147.6976147478,81051.9587429883,81557.9665334274,82073.5304527857,82377.056120788,83064.8977926731,83233.4205462264,83724.6252279531,84809.9575810435,85307.9199410571,85481.322376914,85131.5246080399,86310.5762777896,86998.8205249209,87471.1108613145,87459.0716599415,85722.1617638272,86036.7004133526,86332.213893394,86840.7678317685,87096.3859173531,87828.6697365461,89029.3982352649,90039.161546831,91174.8232192809,91982.2995290013,92881.8263966815,93493.8074640392,93730.2763274021,93671.3635984874,94202.6768185858,97236.8207353739,97598.5095395635,98188.0756812412,99144.3914684673,100429.014830971,101034.96496924,101894.122229438,102778.292683156,103716.362704518,103729.483075488,103790.343283414
"CH4","3I_Agriculture-other","ktCH4",0,0,0,0,0,0,0,0,0,0,0,0,0,0,0,0,0,0,0,0,0,0,0,0,0,0,0,0,0,0,0,0,0,0,0,0,0,0,0,0,0,0,0,0,0,0,0,0,0,0,0,0,0
"CH4","5A_Solid-waste-disposal","ktCH4",18879.3516281191,20475.7923839698,20783.7527911379,21098.293788241,21419.4710448376,21747.1685002588,22083.5631243799,22427.56844154,22778.8452612243,23137.9886395447,23493.6609168716,23813.3286953456,24142.7882954534,24441.2269864682,24750.7815771646,25071.7806619487,25400.5330261354,25736.6789301026,26082.8518922096,26438.8967625732,26899.6251229105,27597.9710262045,27973.1033496386,28329.0955600241,28698.8694795438,29005.5070146161,29313.3747413228,29463.26597573,29267.0817762506,29434.1405230503,29780.494513468,29908.7991565654,29976.5785922322,30322.8491300126,30530.1609990104,30346.5768590426,31017.9748274357,30895.6386661443,30619.1913916925,31051.3250556497,31397.7724796125,31695.9959604143,32111.1698908203,32521.6706165203,32936.7519387253,33515.4534288871,33909.3342316833,34733.4668986016,35552.2718796525,36383.3435295818,36786.4414605136,37374.6022711997,38101.4461134757
"CH4","5C_Waste-combustion","ktCH4",276.419088440536,291.608556457407,305.399007287777,319.766766926611,335.409418655918,353.289816213829,372.658156672032,391.802274259347,411.839112000968,431.957283651961,451.449493360379,471.992733922239,492.027425725529,512.181981671421,531.680242503067,553.312491369068,576.10751263468,598.656538804096,621.804036900698,645.243307163253,671.256341089737,700.592975392242,726.94814977803,767.758817724741,795.70806534375,828.510480070271,916.327725494571,949.224617317894,984.575385228173,1008.10258241291,1012.66554849972,1068.99571572507,1093.7521933637,1135.67849212167,1182.07566025617,1225.44209272042,1268.86398000481,1311.89258021719,1354.39055530219,1401.74451840579,1454.90001542327,1492.07143475975,1534.22409651049,1570.8258021108,1609.44252300785,1606.98211103023,1605.98121637836,1606.29864821684,1607.36919214488,1607.75438129234,1604.19843708278,1602.70911096413,1602.91851834961
"CH4","5D_Wastewater-handling","ktCH4",15323.2475818725,15601.2371754988,16047.4275123107,16492.8430385236,16779.9400092496,16972.2070244631,17583.1292416375,17906.4983485671,18375.5359759825,18730.6150694536,19091.6484316115,19482.7574500806,19926.6848330971,20508.5889216087,21039.8250136606,21498.6407319201,22051.2165463732,22581.3481365416,23068.8016258944,23566.4731032139,23898.0435526063,24151.4905212425,24511.3439948301,24723.0173550646,25243.9568783306,25777.5673039247,26057.3207133727,26561.0803582513,26993.5415987563,27452.7003143376,28003.2663094126,28555.8316230596,29271.4567079332,29887.1162432583,30721.6496820748,31183.3474229118,31704.9386986346,32557.7175147696,33084.8229367006,33371.7680490741,34453.645023681,35097.7847040941,35653.6859672341,36266.4922246199,36954.6742983013,37617.5421028565,38228.1781068926,38881.7611380955,39687.1035610844,40132.5803131929,40661.9143066158,41340.8501939581,41901.4859550703
"CH4","5E_Other-waste-handling","ktCH4",128.609171510521,129.876913278945,131.204293453053,132.593884231165,134.050636654644,135.576861727638,137.421834027584,139.33608748558,141.326390275582,143.403242726751,145.574587541602,147.821098813832,150.155830494481,152.579694768671,155.093576108002,157.696363314755,160.311393604006,163.010563355106,165.775446571568,168.577855780551,171.39860896469,180.045117247967,187.876083835699,199.696565430079,215.921052590178,228.797209464409,242.460175113917,255.318260791494,266.044327028337,281.333250993451,298.258321206447,316.716592163359,323.829842625663,350.293589531644,364.030869313486,353.40172814612,355.657345681692,363.78912001839,364.48225693084,372.046994067017,388.877849680874,398.999732354238,421.661913758196,426.700583202927,439.575840173262,448.049510480648,462.192433009677,472.429579295219,468.305013790327,473.736371177065,477.932978550143,482.615327357444,489.998077754767
"CH4","6A_Other-in-total","ktCH4",0,0,0,0,0,0,0,0,0,0,0,0,0,0,0,0,0,0,0,0,0,0,0,0,0,0,0,0,0,0,0,0,0,0,0,0,0,0,0,0,0,0,0,0,0,0,0,0,0,0,0,0,0
"CH4","6B_Other-not-in-total","ktCH4",0,0,0,0,0,0,0,0,0,0,0,0,0,0,0,0,0,0,0,0,0,0,0,0,0,0,0,0,0,0,0,0,0,0,0,0,0,0,0,0,0,0,0,0,0,0,0,0,0,0,0,0,0
"CH4","7A_Fossil-fuel-fires","ktCH4",142.083606247437,145.38,145.74,146.1,146.46,146.82,147.18,147.54,147.9,148.26,148.62,148.98,149.34,150.6,150.6,150.6,150.6,150.6,150.6,150.6,150.6,169.47482419128,150.6,150.6,150.6,150.6,150.6,150.6,150.6,150.6,150.6,150.6,150.6,150.6,150.6,150.6,150.6,150.6,150.6,150.6,150.6,150.6,150.6,150.6,150.6,150.6,150.6,150.6,150.6,150.6,150.6,150.6,150.6
"CH4","7BC_Indirect-N2O-non-agricultural-N","ktCH4",0,0,0,0,0,0,0,0,0,0,0,0,0,0,0,0,0,0,0,0,0,0,0,0,0,0,0,0,0,0,0,0,0,0,0,0,0,0,0,0,0,0,0,0,0,0,0,0,0,0,0,0,0
