Name;CAS;Acronym;Formula;Lifetime (yr);Radiative efficiency (W m-2 ppb-1);AGWP20 (W m-2 yr kg-1);GWP20;AGWP100 (W m-2 yr kg-1);GWP100;AGWP500 (W m-2 yr kg-1);GWP500;AGTP50 (K kg-1);GTP50;AGTP100 (K kg-1);GTP100;CGTP50 (yr);CGTP100 (yr)
Carbon dioxide;;;CO2;;1.33E-05;2.43E-14;1;8.95E-14;1;3.14E-13;1;4.28E-16;1;3.95E-16;1;0;0
Methane;;;CH4;11.8;0.000388;1.98E-12;81.2;2.49E-12;27.9;2.50E-12;7.95;4.73E-15;11;2.12E-15;5.38;2730;3320
Nitrous oxide;;;N2O;109;0.0032;6.65E-12;273;2.45E-11;273;4.07E-11;130;1.24E-13;290;9.19E-14;233;0;0
Trichlorofluoromethane;75-69-4;CFC-11;CCl3F;52;0.291;2.02E-10;8320;5.57E-10;6230;6.57E-10;2090;2.72E-12;6350;1.40E-12;3540;;
Dichlorodifluoromethane;75-71-8;CFC-12;CCl2F2;102;0.358;3.10E-10;12700;1.12E-09;12500;1.79E-09;5710;5.67E-12;13300;4.10E-12;10400;;
Chlorotrifluoromethane;75-72-9;CFC-13;CClF3;640;0.278;3.01E-10;12400;1.45E-09;16200;5.50E-09;17500;7.26E-12;17000;7.40E-12;18800;;
1,1,2,2-tetrachloro-1,2-difluoroethane;76-12-0;CFC-112;CCl2FCCl2F;63.6;0.282;1.37E-10;5620;4.13E-10;4620;5.25E-10;1670;2.06E-12;4810;1.19E-12;3020;;
1,1,1,2-tetrachloro-2,2-difluoroethane;76-11-9;CFC-112a;CCl3CClF2;52;0.246;1.15E-10;4740;3.17E-10;3550;3.74E-10;1190;1.55E-12;3620;7.95E-13;2010;;
1,1,2-trichloro-1,2,2-trifluoroethane;76-13-1;CFC-113;CCl2FCClF2;93;0.301;1.67E-10;6860;5.83E-10;6520;8.90E-10;2830;2.96E-12;6910;2.06E-12;5210;;
1,1,1-trichloro-2,2,2-trifluoroethane;354-58-5;CFC-113a;CCl3CF3;55;0.241;1.24E-10;5110;3.51E-10;3930;4.22E-10;1350;1.73E-12;4030;9.17E-13;2320;;
1,2-dichloro-1,1,2,2-tetrafluoroethane;76-14-2;CFC-114;CClF2CClF2;189;0.314;2.01E-10;8260;8.44E-10;9430;1.93E-09;6150;4.27E-12;9990;3.71E-12;9410;;
1,1-dichloro-1,2,2,2-tetrafluoroethane;374-07-2;CFC-114a;CCl2FCF3;105;0.297;1.83E-10;7510;6.64E-10;7420;1.08E-09;3450;3.37E-12;7880;2.46E-12;6240;;
1-chloro-1,1,2,2,2-pentafluoroethane;76-15-3;CFC-115;CClF2CF3;540;0.246;1.80E-10;7410;8.59E-10;9600;3.10E-09;9880;4.30E-12;10100;4.33E-12;11000;;
(1s,2s)-1,2-dichloro-1,2,3,3,4,4-hexafluorocyclobutane;3832-15-3;E-R316c;trans cyc (-CClFCF2CF2CClF-);75;0.27;1.17E-10;4810;3.79E-10;4230;5.18E-10;1650;1.91E-12;4450;1.20E-12;3040;;
(1r,2s)-1,2-dichloro-1,2,3,3,4,4-hexafluorocyclobutane;3934-26-7;Z-R316c;cis cyc (-CClFCF2CF2CClF-);114;0.3;1.36E-10;5590;5.07E-10;5660;8.65E-10;2760;2.57E-12;6020;1.94E-12;4910;;
(e)-1,2-dichloro-1,2-difluoroethene;598-88-9;CFC 1112;CClF=CClF;0.019;0.013;1.11E-14;0.454;1.13E-14;0.126;1.13E-14;0.036;1.18E-17;0.028;8.96E-18;0.023;12.9;15.3
1,1-dichloro-2,2-difluoroethene;79-35-6;CFC 1112a;CCl2=CF2;0.006;0.007;1.84E-15;0.076;1.88E-15;0.021;1.88E-15;0.006;1.97E-18;0.005;1.49E-18;0.004;2.16;2.55
Dichlorofluoromethane;75-43-4;HCFC-21;CHCl2F;1.7;0.145;1.40E-11;575;1.43E-11;160;1.43E-11;45.6;1.52E-14;35.5;1.14E-14;29;16300;19400
Chlorodifluoromethane;75-45-6;HCFC-22;CHClF2;11.9;0.214;1.39E-10;5690;1.75E-10;1960;1.76E-10;560;3.36E-13;785;1.49E-13;379;192000;234000
Chlorofluoromethane;593-70-4;HCFC-31;CH2ClF;1.2;0.068;6.96E-12;286;7.11E-12;79.4;7.11E-12;22.6;7.52E-15;17.6;5.67E-15;14.4;8130;9630
1,1,2,2-tetrachloro-1-fluoroethane;354-14-3;HCFC-121;CHCl2CCl2F;1.11;0.146;5.11E-12;210;5.22E-12;58.3;5.22E-12;16.6;5.52E-15;12.9;4.16E-15;10.5;5970;7070
1,2,2-trichloro-1,1-difluoroethane;354-21-2;HCFC-122;CHCl2CClF2;0.9;0.159;4.94E-12;203;5.05E-12;56.4;5.05E-12;16.1;5.33E-15;12.5;4.03E-15;10.2;5780;6850
1,1,2-trichloro-1,2-difluoroethane;354-15-4;HCFC-122a;CHClFCCl2F;3.1;0.201;2.14E-11;879;2.19E-11;245;2.19E-11;69.9;2.36E-14;55.3;1.76E-14;44.7;25000;29600
2,2-dichloro-1,1,1-trifluoroethane;306-83-2;HCFC-123;CHCl2CF3;1.3;0.16;7.92E-12;325;8.09E-12;90.4;8.09E-12;25.8;8.57E-15;20;6.46E-15;16.4;9260;11000
1,2-dichloro-1,1,2-trifluoroethane;354-23-4;HCFC-123a;CHClFCClF2;4;0.227;3.42E-11;1410;3.53E-11;395;3.53E-11;113;3.85E-14;90;2.85E-14;72.3;40200;47700
2-chloro-1,1,1,2-tetrafluoroethane;2837-89-0;HCFC-124;CHClFCF3;5.9;0.207;5.03E-11;2070;5.34E-11;597;5.34E-11;170;6.12E-14;143;4.35E-14;110;60500;71900
1-chloro-1,1,2,2-tetrafluoroethane;354-25-6;HCFC-124a;CHF2CClF2;17;0.25;1.24E-10;5110;1.85E-10;2070;1.86E-10;592;5.21E-13;1220;1.77E-13;448;192000;244000
1,2-dichloro-1,2-difluoroethane;431-06-1;HCFC-132;CHClFCHClF;1.73;0.143;1.07E-11;440;1.09E-11;122;1.09E-11;34.9;1.16E-14;27.2;8.76E-15;22.2;12500;14800
1,1-dichloro-2,2-difluoroethane;471-43-2;HCFC-132a;CHCl2CHF2;1.12;0.127;6.17E-12;253;6.30E-12;70.4;6.30E-12;20.1;6.66E-15;15.6;5.03E-15;12.7;7210;8540
1,1-dichloro-1,2-difluoroethane;1842-05-3;HCFC-132c;CH2FCCl2F;4.1;0.169;2.96E-11;1220;3.06E-11;342;3.06E-11;97.6;3.34E-14;78.1;2.47E-14;62.7;34800;41300
2-chloro-1,1,1-trifluoroethane;75-88-7;HCFC-133a;CH2ClCF3;4.6;0.15;3.34E-11;1370;3.47E-11;388;3.47E-11;111;3.82E-14;89.3;2.81E-14;71.3;39400;46800
1,2-dichloro-1-fluoroethane;430-57-9;HCFC-141;CH2ClCHClF;1.14;0.072;4.08E-12;168;4.17E-12;46.6;4.17E-12;13.3;4.41E-15;10.3;3.33E-15;8.43;4770;5650
1,1-dichloro-1-fluoroethane;1717-00-6;HCFC-141b;CH3CCl2F;9.4;0.161;6.59E-11;2710;7.70E-11;860;7.70E-11;246;1.15E-13;269;6.40E-14;162;85800;103000
1-chloro-1,1-difluoroethane;75-68-3;HCFC-142b;CH3CClF2;18;0.193;1.34E-10;5510;2.05E-10;2300;2.07E-10;658;6.11E-13;1430;2.03E-13;514;211000;271000
3,3-dichloro-1,1,1,2,2-pentafluoropropane;422-56-0;HCFC-225ca;CHCl2CF2CF3;1.9;0.219;1.20E-11;491;1.22E-11;137;1.22E-11;39;1.30E-14;30.4;9.79E-15;24.8;14000;16600
1,3-dichloro-1,1,2,2,3-pentafluoropropane;507-55-1;HCFC-225cb;CHClFCF2CClF2;5.9;0.293;4.78E-11;1960;5.08E-11;568;5.08E-11;162;5.82E-14;136;4.14E-14;105;57500;68300
(e)-1-chloro-3,3,3-trifluoroprop-1-ene;102687-65-0;HCFO-1233zd(E);(E)-CF3CH=CHCl;0.116;0.065;3.40E-13;14;3.47E-13;3.88;3.47E-13;1.11;3.64E-16;0.851;2.76E-16;0.7;398;471
1-chloro-3,3,3-trifluoroprop-1-ene;99728-16-2;HCFO-1233zd(Z);(Z)-CF3CH=CHCl;0.036;0.025;3.98E-14;1.64;4.06E-14;0.454;4.06E-14;0.129;4.25E-17;0.099;3.23E-17;0.082;46.6;55.2
(e)-1-chloro-2-fluoroethene;460-16-2;;(E/Z)-CHCl=CHF;0.005;0.001;3.20E-16;0.013;3.27E-16;0.004;3.27E-16;0.001;3.42E-19;0.001;2.60E-19;0.001;0.375;0.444
Trifluoromethane;75-46-7;HFC-23;CHF3;228;0.191;3.01E-10;12400;1.31E-09;14600;3.30E-09;10500;6.60E-12;15400;5.95E-12;15100;;
Difluoromethane;75-10-5;HFC-32;CH2F2;5.4;0.111;6.55E-11;2690;6.90E-11;771;6.90E-11;220;7.75E-14;181;5.61E-14;142;78200;92900
Fluoromethane;593-53-3;HFC-41;CH3F;2.8;0.025;1.18E-11;485;1.21E-11;135;1.21E-11;38.6;1.30E-14;30.4;9.72E-15;24.6;13800;16400
1,1,1,2,2-pentafluoroethane;354-33-6;HFC-125;CHF2CF3;30;0.234;1.64E-10;6740;3.35E-10;3740;3.49E-10;1110;1.41E-12;3300;5.12E-13;1300;;
1,1,2,2-tetrafluoroethane;359-35-3;HFC-134;CHF2CHF2;10;0.194;9.50E-11;3900;1.13E-10;1260;1.13E-10;361;1.80E-13;420;9.44E-14;239;126000;151000
1,1,1,2-tetrafluoroethane;811-97-2;HFC-134a;CH2FCF3;14;0.167;1.01E-10;4140;1.37E-10;1530;1.37E-10;436;3.14E-13;733;1.21E-13;306;147000;181000
1,1,2-trifluoroethane;430-66-0;HFC-143;CH2FCHF2;3.6;0.128;3.17E-11;1300;3.26E-11;364;3.26E-11;104;3.53E-14;82.6;2.63E-14;66.6;37100;44000
1,1,1-trifluoroethane;420-46-2;HFC-143a;CH3CF3;51;0.168;1.91E-10;7840;5.20E-10;5810;6.09E-10;1940;2.53E-12;5910;1.28E-12;3250;;
1,2-difluoroethane;624-72-6;HFC-152;CH2FCH2F;0.471;0.045;1.89E-12;77.6;1.93E-12;21.5;1.93E-12;6.14;2.03E-15;4.74;1.53E-15;3.89;2210;2610
1,1-difluoroethane;75-37-6;HFC-152a;CH3CHF2;1.6;0.102;1.44E-11;591;1.47E-11;164;1.47E-11;46.8;1.56E-14;36.5;1.18E-14;29.8;16800;19900
Fluoroethane;353-36-6;HFC-161;CH3CH2F;0.219;0.016;4.24E-13;17.4;4.33E-13;4.84;4.33E-13;1.38;4.54E-16;1.06;3.44E-16;0.872;497;588
1,1,1,2,2,3,3-heptafluoropropane;2252-84-8;HFC-227ca;CF3CF2CHF2;30;0.264;1.31E-10;5370;2.67E-10;2980;2.78E-10;885;1.12E-12;2620;4.07E-13;1030;;
1,1,1,2,3,3,3-heptafluoropropane;431-89-0;HFC-227ea;CF3CHFCF3;36;0.273;1.42E-10;5850;3.22E-10;3600;3.45E-10;1100;1.45E-12;3400;5.88E-13;1490;;
1,1,1,2,2,3-hexafluoropropane;677-56-5;HFC-236cb;CH2FCF2CF3;13.4;0.231;9.12E-11;3750;1.21E-10;1350;1.21E-10;387;2.65E-13;620;1.06E-13;268;131000;161000
1,1,1,2,3,3-hexafluoropropane;431-63-0;HFC-236ea;CHF2CHFCF3;11.4;0.3;1.08E-10;4420;1.34E-10;1500;1.34E-10;428;2.45E-13;572;1.14E-13;288;147000;179000
1,1,1,3,3,3-hexafluoropropane;690-39-1;HFC-236fa;CF3CH2CF3;213;0.251;1.81E-10;7450;7.77E-10;8690;1.90E-09;6040;3.93E-12;9200;3.50E-12;8870;;
1,1,2,2,3-pentafluoropropane;679-86-7;HFC-245ca;CH2FCF2CHF2;6.6;0.24;6.53E-11;2680;7.05E-11;787;7.05E-11;225;8.36E-14;196;5.76E-14;146;79600;94700
1,1,1,2,2-pentafluoropropane;1814-88-6;HFC-245cb;CF3CF2CH3;39.9;0.251;1.70E-10;6970;4.07E-10;4550;4.45E-10;1420;1.89E-12;4410;8.17E-13;2070;;
1,1,2,3,3-pentafluoropropane;24270-66-4;HFC-245ea;CHF2CHFCHF2;3.2;0.16;2.22E-11;912;2.28E-11;255;2.28E-11;72.6;2.46E-14;57.4;1.83E-14;46.5;26000;30800
1,1,1,2,3-pentafluoropropane;431-31-2;HFC-245eb;CH2FCHFCF3;3.2;0.204;2.83E-11;1160;2.90E-11;325;2.90E-11;92.6;3.13E-14;73.2;2.34E-14;59.2;33100;39200
1,1,1,3,3-pentafluoropropane;460-73-1;HFC-245fa;CHF2CH2CF3;7.9;0.245;7.70E-11;3170;8.61E-11;962;8.61E-11;274;1.12E-13;262;7.08E-14;180;96700;115000
1,1,1-trifluoropropane;421-07-8;HFC-263fb;CH3CH2CF3;1.1;0.1;6.55E-12;269;6.69E-12;74.8;6.69E-12;21.3;7.07E-15;16.5;5.34E-15;13.5;7660;9070
2,2-difluoropropane;420-45-1;HFC-272ca;CH3CF2CH3;9;0.08;4.64E-11;1910;5.36E-11;599;5.36E-11;171;7.71E-14;180;4.44E-14;113;59900;71800
1,1,1,2,2,3,3,4,4-nonafluorobutane;375-17-7;HFC-329p;CHF2CF2CF2CF3;32;0.313;1.22E-10;5010;2.59E-10;2890;2.72E-10;866;1.12E-12;2610;4.21E-13;1070;;
1,1,1,3,3-pentafluorobutane;406-58-6;HFC-365mfc;CH3CF2CH2CF3;8.9;0.228;7.11E-11;2920;8.17E-11;914;8.18E-11;261;1.17E-13;272;6.77E-14;172;91400;109000
1,1,1,2,2,3,4,5,5,5-decafluoropentane;138495-42-8;HFC-43-10mee;CF3CHFCHFCF2CF3;17;0.357;9.63E-11;3960;1.43E-10;1600;1.44E-10;458;4.03E-13;943;1.37E-13;347;149000;189000
Trifluoroethylene;359-11-5;HFO-1123;CHF=CF2;0.004;0.002;4.14E-16;0.017;4.22E-16;0.005;4.23E-16;0.001;4.42E-19;0.001;3.36E-19;0.001;0.485;0.574
1,1-difluoroethene;75-38-7;HFO-1132a;CH2=CF2;0.013;0.004;4.60E-15;0.189;4.69E-15;0.052;4.69E-15;0.015;4.91E-18;0.011;3.73E-18;0.009;5.39;6.37
Fluoroethene;75-02-5;HFO-1141;CH2=CHF;0.007;0.002;2.13E-15;0.088;2.17E-15;0.024;2.17E-15;0.007;2.28E-18;0.005;1.73E-18;0.004;2.5;2.95
(z)-1,2,3,3,3-pentafluoroprop-1-ene;5528-43-8;HFO-1225ye(Z);(Z)-CF3CF=CHF;0.027;0.025;3.02E-14;1.24;3.08E-14;0.344;3.08E-14;0.098;3.23E-17;0.075;2.45E-17;0.062;35.3;41.8
(e)-1,2,3,3,3-pentafluoroprop-1-ene;5595-10-8;HFO-1225ye(E);(E)-CF3CF=CHF;0.016;0.015;1.04E-14;0.426;1.06E-14;0.118;1.06E-14;0.034;1.11E-17;0.026;8.41E-18;0.021;12.1;14.4
(z)-1,3,3,3-tetrafluoroprop-1-ene;29118-25-0;HFO-1234ze(Z);(Z)-CF3CH=CHF;0.027;0.02;2.76E-14;1.13;2.81E-14;0.315;2.82E-14;0.09;2.95E-17;0.069;2.24E-17;0.057;32.3;38.2
(e)-1,3,3,3-tetrafluoroprop-1-ene;29118-24-9;HFO-1234ze(E);(E)-CF3CH=CHF;0.052;0.045;1.20E-13;4.94;1.23E-13;1.37;1.23E-13;0.391;1.28E-16;0.3;9.75E-17;0.247;141;167
2,3,3,3-tetrafluoroprop-1-ene;754-12-1;HFO-1234yf;CF3CF=CH2;0.033;0.026;4.40E-14;1.81;4.49E-14;0.501;4.49E-14;0.143;4.70E-17;0.11;3.56E-17;0.09;51.5;60.9
(e)-1,1,1,4,4,4-hexafluorobut-2-ene;66711-86-2;HFO-1336mzz(E);(E)-CF3CH=CHCF3;0.334;0.132;1.57E-12;64.3;1.60E-12;17.9;1.60E-12;5.09;1.68E-15;3.92;1.27E-15;3.22;1830;2170
(z)-1,1,1,4,4,4-hexafluorobut-2-ene;692-49-9;HFO-1336mzz(Z);(Z)-CF3CH=CHCF3;0.074;0.069;1.82E-13;7.48;1.86E-13;2.08;1.86E-13;0.592;1.95E-16;0.455;1.48E-16;0.374;213;252
3,3,3-trifluoroprop-1-ene;677-21-4;HFO-1243zf;CF3CH=CH2;0.025;0.015;2.29E-14;0.94;2.33E-14;0.261;2.34E-14;0.074;2.45E-17;0.057;1.86E-17;0.047;26.8;31.7
3,3,4,4,4-pentafluorobut-1-ene;374-27-6;HFO-1345zfc;CF3CF2CH=CH2;0.025;0.016;1.60E-14;0.656;1.63E-14;0.182;1.63E-14;0.052;1.71E-17;0.04;1.29E-17;0.033;18.7;22.1
3,3,4,4,5,5,6,6,6-nonafluorohex-1-ene;19430-93-4;;n-C4F9CH=CH2;0.025;0.03;1.79E-14;0.734;1.82E-14;0.204;1.82E-14;0.058;1.91E-17;0.045;1.45E-17;0.037;20.9;24.7
3,3,4,4,5,5,6,6,7,7,8,8,8-tridecafluorooct-1-ene;25291-17-2;;n-C6F13CH=CH2;0.025;0.034;1.42E-14;0.584;1.45E-14;0.162;1.45E-14;0.046;1.52E-17;0.036;1.15E-17;0.029;16.6;19.7
3,3,4,4,5,5,6,6,7,7,8,8,9,9,10,10,10-heptadecafluorodec-1-ene;21652-58-4;;n-C8F17CH=CH2;0.025;0.038;1.24E-14;0.508;1.26E-14;0.141;1.26E-14;0.04;1.32E-17;0.031;1.00E-17;0.025;14.5;17.1
3,3,3-trifluoro-2-(trifluoromethyl)prop-1-ene;382-10-5;;(CF3)2C=CH2;0.028;0.033;3.30E-14;1.36;3.37E-14;0.377;3.37E-14;0.107;3.53E-17;0.083;2.68E-17;0.068;38.7;45.8
1,1,2,2,3,3-hexafluorocyclopentane;123768-18-3;;cyc (-CF2CF2CF2CH2CH2-);1.6;0.2;1.05E-11;431;1.07E-11;120;1.07E-11;34.2;1.14E-14;26.6;8.57E-15;21.7;12300;14500
1,1,2,2,3,3,4-heptafluorocyclopentane;15290-77-4;;cyc (-CF2CF2CF2CHFCH2-);2.8;0.243;2.02E-11;830;2.07E-11;231;2.07E-11;66;2.22E-14;52;1.66E-14;42.1;23600;28000
1,3,3,4,4,5,5-heptafluorocyclopentene;1892-03-1;;cyc (-CF2CF2CF2CF=CH-);0.61;0.215;3.95E-12;162;4.03E-12;45.1;4.03E-12;12.8;4.24E-15;9.92;3.21E-15;8.14;4620;5470
(4s,5s)-1,1,2,2,3,3,4,5-octafluorocyclopentane;158389-18-5;;trans-cyc (-CF2CF2CF2CHFCHF-);3.2;0.259;2.25E-11;925;2.31E-11;258;2.31E-11;73.6;2.49E-14;58.2;1.86E-14;47.1;26300;31200
(e)-1,3,4,4,4-pentafluoro-3-(trifluoromethyl)but-1-ene;14149-41-8;HFO-1438ezy(E);(E)-(CF3)2CFCH=CHF;0.334;0.079;7.21E-13;29.6;7.36E-13;8.22;7.36E-13;2.34;7.73E-16;1.81;5.85E-16;1.48;843;998
3,3,4,4,5,5,5-heptafluoropent-1-ene;355-08-8;HFO-1447fz;CF3(CF2)2CH=CH2;0.025;0.028;2.06E-14;0.847;2.10E-14;0.235;2.10E-14;0.067;2.20E-17;0.051;1.67E-17;0.042;24.1;28.6
1,3,3,4,4-pentafluorocyclobutene;374-31-2;;cyc (-CH=CFCF2CF2-);0.74;0.27;8.10E-12;333;8.27E-12;92.4;8.27E-12;26.4;8.72E-15;20.4;6.59E-15;16.7;9470;11200
3,3,4,4-tetrafluorocyclobutene;2714-38-7;;cyc (-CH=CHCF2CF2-);0.23;0.21;2.24E-12;92.1;2.29E-12;25.6;2.29E-12;7.29;2.40E-15;5.61;1.82E-15;4.61;2620;3100
1,1,1-trichloroethane;71-55-6;Methyl chloroform;CH3CCl3;5;0.065;1.38E-11;567;1.44E-11;161;1.44E-11;46;1.60E-14;37.5;1.17E-14;29.7;16400;19400
Tetrachloromethane;56-23-5;Carbon tetrachloride;CCl4;32;0.166;9.27E-11;3810;1.96E-10;2200;2.06E-10;658;8.49E-13;1990;3.20E-13;810;;
Chloromethane;74-87-3;Methyl chloride;CH3Cl;0.9;0.005;4.85E-13;19.9;4.95E-13;5.54;4.95E-13;1.58;5.23E-16;1.22;3.95E-16;1;567;672
Dichloromethane;75-09-2;Methylene chloride;CH2Cl2;0.493;0.029;9.78E-13;40.2;9.98E-13;11.2;9.98E-13;3.18;1.05E-15;2.46;7.95E-16;2.01;1140;1350
Trichloromethane;67-66-3;Chloroform;CHCl3;0.501;0.074;1.81E-12;74.2;1.84E-12;20.6;1.84E-12;5.87;1.94E-15;4.53;1.47E-15;3.72;2110;2500
Chloroethane;75-00-3;;CH3CH2Cl;0.132;0.004;4.22E-14;1.73;4.30E-14;0.481;4.30E-14;0.137;4.51E-17;0.105;3.42E-17;0.087;49.4;58.4
1,2-dichloroethane;107-06-2;;CH2ClCH2Cl;0.225;0.009;1.14E-13;4.68;1.16E-13;1.3;1.16E-13;0.371;1.22E-16;0.285;9.25E-17;0.234;133;158
1,1,2-trichloroethene;79-01-6;;CHCl=CCl2;0.015;0.006;3.85E-15;0.158;3.93E-15;0.044;3.93E-15;0.013;4.11E-18;0.01;3.12E-18;0.008;4.51;5.34
1,1,2,2-tetrachloroethene;127-18-4;;CCl2=CCl2;0.301;0.052;5.56E-13;22.8;5.67E-13;6.34;5.67E-13;1.81;5.96E-16;1.39;4.51E-16;1.14;651;770
2-chloropropane;75-29-6;;CH3CHClCH3;0.06;0.004;1.58E-14;0.651;1.62E-14;0.181;1.62E-14;0.052;1.69E-17;0.04;1.28E-17;0.033;18.5;21.9
1-chlorobutane;109-69-3;;CH3(CH2)2CH2Cl;0.012;0.001;5.95E-16;0.024;6.07E-16;0.007;6.07E-16;0.002;6.35E-19;0.001;4.82E-19;0.001;0.697;0.824
Bromomethane;74-83-9;Methyl bromide;CH3Br;0.8;0.004;2.13E-13;8.74;2.17E-13;2.43;2.17E-13;0.692;2.29E-16;0.535;1.73E-16;0.438;249;294
Dibromomethane;74-95-3;Methylene bromide;CH2Br2;0.411;0.01;1.33E-13;5.45;1.35E-13;1.51;1.35E-13;0.431;1.42E-16;0.333;1.08E-16;0.273;155;184
Bromodifluoromethane;1511-62-2;Halon-1201;CHBrF2;4.9;0.152;3.25E-11;1340;3.40E-11;380;3.40E-11;108;3.76E-14;88;2.75E-14;69.8;38500;45800
Dibromodifluoromethane;75-61-6;Halon-1202;CBr2F2;2.5;0.272;1.89E-11;775;1.93E-11;216;1.93E-11;61.5;2.07E-14;48.4;1.55E-14;39.3;22000;26100
Bromochlorodifluoromethane;353-59-3;Halon-1211;CBrClF2;16;0.3;1.20E-10;4920;1.73E-10;1930;1.73E-10;552;4.58E-13;1070;1.60E-13;406;182000;229000
Bromotrifluoromethane;75-63-8;Halon-1301;CBrF3;72;0.299;2.02E-10;8320;6.44E-10;7200;8.64E-10;2750;3.23E-12;7560;2.00E-12;5060;;
2-bromo-1,1,1-trifluoroethane;421-06-7;Halon-2301;CH2BrCF3;3.2;0.135;1.55E-11;635;1.59E-11;177;1.59E-11;50.6;1.71E-14;40;1.28E-14;32.4;18100;21400
2-bromo-2-chloro-1,1,1-trifluoroethane;151-67-7;Halon-2311;CHBrClCF3;1;0.133;3.94E-12;162;4.03E-12;45;4.03E-12;12.8;4.25E-15;9.95;3.21E-15;8.14;4610;5460
2-bromo-1,1,1,2-tetrafluoroethane;124-72-1;Halon-2401;CHBrFCF3;2.9;0.189;1.76E-11;723;1.80E-11;201;1.80E-11;57.5;1.94E-14;45.3;1.45E-14;36.7;20600;24400
1,2-dibromo-1,1,2,2-tetrafluoroethane;124-73-2;Halon-2402;CBrF2CBrF2;28;0.312;9.90E-11;4070;1.94E-10;2170;2.00E-10;639;7.91E-13;1850;2.77E-13;702;;
Tribromomethane;75-25-2;;CHBr3;0.156;0.006;2.19E-14;0.901;2.24E-14;0.25;2.24E-14;0.071;2.35E-17;0.055;1.78E-17;0.045;25.7;30.4
Bromochloromethane;74-97-5;Halon-1011;CH2BrCl;0.452;0.02;4.15E-13;17.1;4.24E-13;4.74;4.24E-13;1.35;4.46E-16;1.04;3.37E-16;0.855;486;575
Bromoethane;74-96-4;;CH3CH2Br;0.137;0.006;4.27E-14;1.75;4.36E-14;0.487;4.36E-14;0.139;4.57E-17;0.107;3.46E-17;0.088;50;59.1
1,2-dibromoethane;106-93-4;EDB;CH2BrCH2Br;0.244;0.012;8.94E-14;3.67;9.13E-14;1.02;9.13E-14;0.291;9.58E-17;0.224;7.26E-17;0.184;105;124
1-bromopropane;106-94-5;;CH3CH2CH2Br;0.041;0.002;4.57E-15;0.188;4.66E-15;0.052;4.66E-15;0.015;4.88E-18;0.011;3.71E-18;0.009;5.35;6.33
2-bromopropane;75-26-3;;CH3CHBrCH3;0.055;0.004;1.10E-14;0.453;1.12E-14;0.126;1.12E-14;0.036;1.18E-17;0.028;8.93E-18;0.023;12.9;15.3
Nitrogen trifluoride;7783-54-2;;NF3;569;0.204;3.26E-10;13400;1.56E-09;17400;5.72E-09;18200;7.81E-12;18200;7.89E-12;20000;;
Pentadecafluorotriethylamine;359-70-6;;N(C2F5)3;1000;0.61;1.87E-10;7700;9.23E-10;10300;3.86E-09;12300;4.61E-12;10800;4.81E-12;12200;;
Perfluorotripropylamine;338-83-0;PTPA;N(CF2CF2CF3)3;1000;0.75;1.64E-10;6750;8.08E-10;9030;3.38E-09;10800;4.03E-12;9430;4.21E-12;10700;;
Heptacosafluorotributylamine;311-89-7;PFTBA;N(CF2CF2CF2CF3)3;1000;0.907;1.54E-10;6340;7.59E-10;8490;3.17E-09;10100;3.79E-12;8860;3.96E-12;10000;;
Perfluorotripentylamine;338-84-1;;N(CF2CF2CF2CF2CF3)3;1000;0.95;1.32E-10;5420;6.50E-10;7260;2.72E-09;8650;3.24E-12;7580;3.39E-12;8580;;
Heptafluoroisobutyronitrile;42532-60-5;;(CF3)2CFCN;34.5;0.248;1.11E-10;4580;2.46E-10;2750;2.62E-10;835;1.09E-12;2560;4.31E-13;1090;;
Sulfur hexafluoride;2551-62-4;;SF6;3200;0.567;4.45E-10;18300;2.25E-09;25200;1.07E-08;34100;1.12E-11;26200;1.21E-11;30600;;
Pentafluoro(trifluoromethyl)-lambda6-sulfane;373-80-8;;SF5CF3;800;0.585;3.39E-10;13900;1.65E-09;18500;6.61E-09;21100;8.27E-12;19300;8.54E-12;21600;;
Sulfuryl fluoride;2699-79-8;;SO2F2;36;0.211;1.83E-10;7510;4.14E-10;4630;4.44E-10;1410;1.87E-12;4360;7.56E-13;1920;;
Tetrafluoromethane;75-73-0;PFC-14;CF4;50000;0.099;1.29E-10;5300;6.60E-10;7380;3.32E-09;10600;3.28E-12;7660;3.57E-12;9050;;
Hexafluoroethane;76-16-4;PFC-116;C2F6;10000;0.261;2.18E-10;8940;1.11E-09;12400;5.50E-09;17500;5.51E-12;12900;5.99E-12;15200;;
Octafluoropropane;76-19-7;PFC-218;C3F8;2600;0.27;1.65E-10;6770;8.31E-10;9290;3.89E-09;12400;4.13E-12;9660;4.44E-12;11200;;
Hexafluorocyclobutene;697-11-0;;cyc (-CF=CFCF2CF2-);1.02;0.3;1.10E-11;453;1.13E-11;126;1.13E-11;35.9;1.19E-14;27.8;8.98E-15;22.8;12900;15300
Octafluorocyclobutane;115-25-3;PFC-C-318;cyc (-CF2CF2CF2CF2-);3200;0.314;1.80E-10;7400;9.12E-10;10200;4.33E-09;13800;4.53E-12;10600;4.88E-12;12400;;
Decafluorobutane;355-25-9;PFC-31-10;n-C4F10;2600;0.369;1.78E-10;7300;8.97E-10;10000;4.20E-09;13400;4.46E-12;10400;4.78E-12;12100;;
Octafluorocyclopentene;559-40-0;;cyc (-CF2CF2CFCF2CF2-);1.1;0.246;6.84E-12;281;6.98E-12;78.1;6.99E-12;22.3;7.39E-15;17.3;5.57E-15;14.1;8000;9470
Dodecafluoropentane;678-26-2;PFC-41-12;n-C5F12;4100;0.408;1.63E-10;6680;8.25E-10;9220;3.97E-09;12700;4.10E-12;9580;4.43E-12;11200;;
Tetradecafluorohexane;355-42-0;PFC-51-14;n-C6F14;3100;0.449;1.52E-10;6260;7.71E-10;8620;3.66E-09;11600;3.83E-12;8960;4.12E-12;10500;;
Hexadecafluoroheptane;335-57-9;PFC-61-16;n-C7F16;3000;0.503;1.49E-10;6120;7.52E-10;8410;3.56E-09;11300;3.74E-12;8740;4.02E-12;10200;;
Octadecafluorooctane;307-34-6;PFC-71-18;n-C8F18;3000;0.558;1.46E-10;6010;7.39E-10;8260;3.50E-09;11100;3.67E-12;8590;3.95E-12;10000;;
1,1,2,2,3,3,4,4,4a,5,5,6,6,7,7,8,8,8a-octadecafluoronaphthalene;306-94-5;PFC-91-18;C10F18;2000;0.537;1.33E-10;5480;6.69E-10;7480;3.07E-09;9780;3.33E-12;7790;3.56E-12;9010;;
1,1,2,2,3,3,4,4,4a,5,5,6,6,7,7,8,8,8a-octadecafluoronaphthalene;60433-11-6;;Z-C10F18;2000;0.56;1.39E-10;5710;6.98E-10;7800;3.20E-09;10200;3.47E-12;8120;3.71E-12;9400;;
1,1,2,2,3,3,4,4,4a,5,5,6,6,7,7,8,8,8a-octadecafluoronaphthalene;60433-12-7;;E-C10F18;2000;0.512;1.27E-10;5220;6.37E-10;7120;2.92E-09;9310;3.17E-12;7420;3.39E-12;8580;;
1,1,2,2-tetrafluoroethene;116-14-3;PFC-1114;CF2=CF2;0.003;0.002;3.47E-16;0.014;3.54E-16;0.004;3.54E-16;0.001;3.71E-19;0.001;2.81E-19;0.001;0.406;0.481
1,1,2,3,3,3-hexafluoroprop-1-ene;116-15-4;PFC-1216;CF3CF=CF2;0.015;0.013;7.88E-15;0.324;8.04E-15;0.09;8.04E-15;0.026;8.42E-18;0.02;6.39E-18;0.016;9.23;10.9
1,1,2,3,4,4-hexafluorobuta-1,3-diene;685-63-2;;CF2=CFCF=CF2;0.003;0.003;3.47E-16;0.014;3.54E-16;0.004;3.54E-16;0.001;3.71E-19;0.001;2.82E-19;0.001;0.407;0.481
Octafluoro-1-butene;357-26-6;;CF3CF2CF=CF2;0.016;0.019;8.91E-15;0.366;9.09E-15;0.102;9.09E-15;0.029;9.52E-18;0.022;7.22E-18;0.018;10.4;12.3
Octafluoro-2-buene;360-89-4;;CF3CF=CFCF3;0.085;0.07;1.73E-13;7.1;1.76E-13;1.97;1.76E-13;0.562;1.85E-16;0.432;1.40E-16;0.355;202;239
Difluoromethoxy(trifluoro)methane;3822-68-2;HFE-125;CHF2OCF3;135;0.417;3.28E-10;13500;1.28E-09;14300;2.41E-09;7680;6.50E-12;15200;5.17E-12;13100;;
Difluoromethoxy(difluoro)methane;1691-17-4;HFE-134;CHF2OCHF2;26.9;0.449;3.10E-10;12700;5.93E-10;6630;6.10E-10;1940;2.37E-12;5530;8.14E-13;2060;;
Trifluoro(methoxy)methane;421-14-7;HFE-143a;CH3OCF3;4.9;0.189;5.28E-11;2170;5.51E-11;616;5.51E-11;176;6.11E-14;143;4.47E-14;113;62600;74300
1,1,1,2-tetrafluoro-2-(trifluoromethoxy)ethane;2356-62-9;HFE-227ea;CF3CHFOCF3;54.8;0.459;2.38E-10;9800;6.73E-10;7520;8.07E-10;2570;3.30E-12;7720;1.75E-12;4440;;
2-chloro-1-(difluoromethoxy)-1,1,2-trifluoroethane;13838-16-9;HCFE-235ca2;CHF2OCF2CHFCl;4.42;0.409;5.64E-11;2320;5.85E-11;654;5.85E-11;186;6.42E-14;150;4.73E-14;120;66500;78900
2-chloro-2-(difluoromethoxy)-1,1,1-trifluoroethane;26675-46-7;HCFE-235da2;CHF2OCHClCF3;3.5;0.426;4.69E-11;1930;4.82E-11;539;4.82E-11;154;5.22E-14;122;3.88E-14;98.4;54900;65100
2-(difluoromethoxy)-1,1,1,2-tetrafluoroethane;57041-67-5;HFE-236ea2;CHF2OCHFCF3;14.1;0.464;1.71E-10;7020;2.32E-10;2590;2.33E-10;741;5.37E-13;1260;2.06E-13;521;249000;308000
1,1,1-trifluoro-2-(trifluoromethoxy)ethane;20193-67-3;HFE-236fa;CF3CH2OCF3;7.5;0.371;8.94E-11;3670;9.87E-11;1100;9.88E-11;315;1.25E-13;291;8.11E-14;205;111000;133000
1,1,1,2,2-pentafluoro-2-methoxyethane;22410-44-2;HFE-245cb2;CF3CF2OCH3;5;0.336;6.40E-11;2630;6.69E-11;747;6.69E-11;213;7.43E-14;174;5.42E-14;137;75900;90100
1,1-difluoro-2-(trifluoromethoxy)ethane;84011-15-4;HFE-245fa1;CHF2CH2OCF3;6.7;0.314;7.72E-11;3170;8.36E-11;934;8.36E-11;266;9.98E-14;233;6.83E-14;173;94300;112000
2-(difluoromethoxy)-1,1,1-trifluoroethane;1885-48-9;HFE-245fa2;CHF2OCH2CF3;5.5;0.36;7.45E-11;3060;7.86E-11;878;7.86E-11;251;8.86E-14;207;6.39E-14;162;89000;106000
2,2,3,3,3-pentafluoropropan-1-ol;422-05-9;;CF3CF2CH2OH;0.471;0.164;3.00E-12;123;3.07E-12;34.3;3.07E-12;9.78;3.23E-15;7.54;2.44E-15;6.19;3520;4160
1,1,2,2-tetrafluoro-1-methoxyethane;425-88-7;HFE-254cb1;CH3OCF2CHF2;2.5;0.26;2.87E-11;1180;2.93E-11;328;2.93E-11;93.5;3.14E-14;73.4;2.35E-14;59.6;33500;39700
1,1,1-trifluoro-2-methoxyethane;460-43-5;HFE-263mf;CF3CH2OCH3;0.077;0.046;1.81E-13;7.43;1.84E-13;2.06;1.84E-13;0.588;1.93E-16;0.452;1.47E-16;0.371;212;250
Trifluoromethoxyethane;690-22-2;HFE-263m1;CF3OCH2CH3;0.397;0.126;2.56E-12;105;2.61E-12;29.2;2.61E-12;8.32;2.74E-15;6.42;2.08E-15;5.27;2990;3540
3,3,3-trifluoropropan-1-ol;2240-88-2;;CF3CH2CH2OH;0.041;0.026;5.44E-14;2.23;5.55E-14;0.62;5.55E-14;0.177;5.81E-17;0.136;4.41E-17;0.112;63.7;75.3
1,1,1,2,2-pentafluoro-2-(1,1,2,2-tetrafluoroethoxy)ethane;134769-21-4;HFE-329mcc2;CHF2CF2OCF2CF3;25;0.545;1.84E-10;7550;3.37E-10;3770;3.45E-10;1100;1.29E-12;3020;4.32E-13;1090;;
2-(difluoromethoxy)-1,1,1,3,3,3-hexafluoropropane;26103-08-2;HFE-338mmz1;(CF3)2CHOCHF2;22.3;0.452;1.58E-10;6500;2.72E-10;3040;2.76E-10;880;9.67E-13;2260;3.14E-13;797;;
1,1,1,2,2-pentafluoro-2-(2,2,2-trifluoroethoxy)ethane;156053-88-2;HFE-338mcf2;CF3CH2OCF2CF3;7.5;0.454;8.42E-11;3460;9.30E-11;1040;9.31E-11;297;1.17E-13;274;7.64E-14;194;105000;125000
1,1,1,3,3,3-hexafluoro-2-(fluoromethoxy)propane;28523-86-6;HFE-347mmz1;(CF3)2CHOCH2F;1.9;0.308;1.71E-11;702;1.75E-11;195;1.75E-11;55.7;1.86E-14;43.5;1.40E-14;35.4;20000;23600
1,1,1,2,2,3,3-heptafluoro-3-methoxypropane;375-03-1;HFE-347mcc3;CH3OCF2CF2CF3;5.1;0.339;4.92E-11;2020;5.15E-11;576;5.16E-11;164;5.74E-14;134;4.18E-14;106;58500;69400
1-(2,2-difluoroethoxy)-1,1,2,2,2-pentafluoroethane;171182-95-9;HFE-347mcf2;CHF2CH2OCF2CF3;6.7;0.431;7.96E-11;3270;8.62E-11;963;8.62E-11;275;1.03E-13;241;7.05E-14;179;97300;116000
1,1,2,2-tetrafluoro-1-(2,2,2-trifluoroethoxy)ethane;406-78-0;HFE-347pcf2;CHF2CF2OCH2CF3;6.1;0.482;8.21E-11;3370;8.76E-11;980;8.77E-11;279;1.01E-13;237;7.15E-14;181;99100;118000
1,1,1,2,3,3,3-heptafluoro-2-methoxypropane;22052-84-2;HFE-347mmy1;(CF3)2CFOCH3;3.7;0.318;3.41E-11;1400;3.51E-11;392;3.51E-11;112;3.81E-14;89;2.83E-14;71.8;40000;47400
1,1,1,2,3,3-hexafluoro-3-methoxypropane;382-34-3;HFE-356mec3;CH3OCF2CHFCF3;2.5;0.288;2.31E-11;949;2.36E-11;264;2.36E-11;75.3;2.53E-14;59.2;1.90E-14;48;27000;32000
1,1,1-trifluoro-2-(2,2,2-trifluoroethoxy)ethane;333-36-8;HFE-356mff2;CF3CH2OCH2CF3;0.351;0.19;2.14E-12;88;2.19E-12;24.4;2.19E-12;6.97;2.30E-15;5.37;1.74E-15;4.41;2510;2970
1-(2,2-difluoroethoxy)-1,1,2,2-tetrafluoroethane;50807-77-7;HFE-356pcf2;CHF2CH2OCF2CHF2;6;0.378;6.98E-11;2870;7.44E-11;831;7.44E-11;237;8.56E-14;200;6.06E-14;154;84100;100000
3-(difluoromethoxy)-1,1,2,2-tetrafluoropropane;35042-99-0;HFE-356pcf3;CHF2OCH2CF2CHF2;3.5;0.378;4.21E-11;1730;4.33E-11;484;4.33E-11;138;4.68E-14;110;3.49E-14;88.4;49300;58500
1,1,2,2,3,3-hexafluoro-1-methoxypropane;160620-20-2;HFE-356pcc3;CH3OCF2CF2CHF2;2.5;0.303;2.42E-11;995;2.48E-11;277;2.48E-11;79;2.66E-14;62.1;1.99E-14;50.4;28300;33500
1,1,1,3,3,3-hexafluoro-2-methoxypropane;13171-18-1;HFE-356mmz1;(CF3)2CHOCH3;0.178;0.125;7.13E-13;29.3;7.28E-13;8.13;7.28E-13;2.32;7.63E-16;1.78;5.78E-16;1.47;835;988
1,1,1,2,2-pentafluoro-3-methoxypropane;378-16-5;HFE-365mcf3;CF3CF2CH2OCH3;0.069;0.058;1.40E-13;5.77;1.43E-13;1.6;1.43E-13;0.457;1.50E-16;0.351;1.14E-16;0.289;164;195
1-ethoxy-1,1,2,2-tetrafluoroethane;512-51-6;HFE-374pc2;CHF2CF2OCH2CH3;0.208;0.132;1.10E-12;45;1.12E-12;12.5;1.12E-12;3.56;1.17E-15;2.74;8.89E-16;2.25;1280;1520
4,4,4-trifluorobutan-1-ol;461-18-7;;CF3(CH2)2CH2OH;0.015;0.006;4.33E-15;0.178;4.42E-15;0.049;4.42E-15;0.014;4.63E-18;0.011;3.51E-18;0.009;5.08;6.01
2,2,3,3,4,4,5,5-octafluorocyclopentan-1-ol;16621-87-7;;cyc (-(CF2)4CH(OH)-);0.301;0.156;1.20E-12;49.1;1.22E-12;13.6;1.22E-12;3.89;1.28E-15;3;9.71E-16;2.46;1400;1660
1-(difluoromethoxy)-2-[difluoromethoxy(difluoro)methoxy]-1,1,2,2-tetrafluoroethane;188690-77-9;HFE-43-10pccc124;CHF2OCF2OCF2CF2OCHF2;14.1;1.03;2.12E-10;8720;2.88E-10;3220;2.89E-10;920;6.67E-13;1560;2.55E-13;647;309000;383000
1,1,1,2,2,3,3,4,4-nonafluoro-4-methoxybutane;219484-64-7;HFE-449s1;C4F9OCH3;4.8;0.36;3.95E-11;1620;4.12E-11;460;4.12E-11;131;4.55E-14;106;3.34E-14;84.6;46700;55500
1,1,1,2,2,3,3,4,4-nonafluoro-4-methoxybutane;163702-07-6;n-HFE-7100;CF3CF2CF2CF2OCH3;4.8;0.425;4.67E-11;1920;4.86E-11;544;4.87E-11;155;5.38E-14;126;3.94E-14;99.9;55200;65600
2-(difluoromethoxymethyl)-1,1,1,2,3,3,3-heptafluoropropane;163702-08-7;i-HFE-7100;(CF3)2CFCF2OCH3;4.8;0.341;3.75E-11;1540;3.91E-11;437;3.91E-11;124;4.32E-14;101;3.17E-14;80.2;44300;52600
1-ethoxy-1,1,2,2,3,3,4,4,4-nonafluorobutane;163702-05-4;HFE-569sf2;C4F9OC2H5;0.8;0.301;5.32E-12;219;5.43E-12;60.7;5.43E-12;17.3;5.73E-15;13.4;4.33E-15;11;6220;7370
1-ethoxy-1,1,2,3,3,3-hexafluoro-2-(trifluoromethyl)propane;163702-06-5;i-HFE-7200;(CF3)2CFCF2OCH2CH3;0.63;0.216;3.01E-12;124;3.07E-12;34.3;3.07E-12;9.78;3.23E-15;7.56;2.45E-15;6.2;3520;4160
1,1,1,2,2,3,4,5,5,5-decafluoro-3-methoxy-4-(trifluoromethyl)pentane;132182-92-4;HFE-7300;(CF3)2CFCFOC2H5CF2CF2CF3;5.24;0.48;3.45E-11;1420;3.62E-11;405;3.62E-11;115;4.05E-14;94.7;2.94E-14;74.6;41100;48800
4-ethoxy-1,1,1,2,2,3,3,4,5,6,6,6-dodecafluoro-5-(trifluoromethyl)hexane;297730-93-9;HFE-7500;n-C3F7CFOC2H5CF(CF3)2;0.3;0.27;1.14E-12;47;1.17E-12;13;1.17E-12;3.72;1.22E-15;2.86;9.28E-16;2.35;1340;1580
Bis(difluoromethoxy)-difluoromethane;78522-47-1;HFE-236ca12;CHF2OCF2OCHF2;26.5;0.648;2.85E-10;11700;5.42E-10;6060;5.57E-10;1770;2.15E-12;5020;7.33E-13;1860;;
1,2-bis(difluoromethoxy)-1,1,2,2-tetrafluoroethane;188690-78-0;HFE-338pcc13;CHF2OCF2CF2OCHF2;13.4;0.87;2.23E-10;9180;2.97E-10;3320;2.97E-10;948;6.49E-13;1520;2.59E-13;657;321000;395000
1,1,1,3,3,3-hexafluoropropan-2-ol;920-66-1;HFIP;(CF3)2CHOH;1.9;0.274;1.80E-11;742;1.85E-11;206;1.85E-11;58.8;1.97E-14;46;1.48E-14;37.4;21100;25000
1-(difluoromethoxy)-2-[2-(difluoromethoxy)-1,1,2,2-tetrafluoroethoxy]-1,1,2,2-tetrafluoroethane;205367-61-9;HG-02;CHF2(OCF2CF2)2OCHF2;26.9;1.15;2.68E-10;11000;5.13E-10;5730;5.27E-10;1680;2.05E-12;4780;7.04E-13;1780;;
1,1,3,3,4,4,6,6,7,7,9,9,10,10,12,12-hexadecafluoro-2,5,8,11-tetraoxadodecane;173350-37-3;HG-03;CHF2(OCF2CF2)3OCHF2;26.9;1.43;2.50E-10;10300;4.79E-10;5350;4.92E-10;1570;1.91E-12;4470;6.57E-13;1660;;
2-ethenoxy-1,1,1-trifluoroethane;406-90-6;Fluroxene;CF3CH2OCH=CH2;0.01;0.011;5.05E-15;0.207;5.15E-15;0.058;5.15E-15;0.016;5.39E-18;0.013;4.09E-18;0.01;5.91;6.99
2-ethoxy-3,3,4,4,5-pentafluorotetrahydro-2,5-bis[1,2,2,2-tetrafluoro-1-(trifluoromethyl)ethyl]-furan;920979-28-8;;C12H5F19O2;0.81;0.489;4.27E-12;175;4.36E-12;48.7;4.36E-12;13.9;4.60E-15;10.7;3.47E-15;8.8;4990;5910
Difluoro(methoxy)methane;359-15-9;;CH3OCHF2;1.1;0.153;1.19E-11;491;1.22E-11;136;1.22E-11;38.9;1.29E-14;30.1;9.73E-15;24.7;14000;16500
1,1,2,2-tetrafluoro-1,2-dimethoxyethane;73287-23-7;HG'-01;CH3OCF2CF2OCH3;1.7;0.289;1.77E-11;727;1.81E-11;202;1.81E-11;57.7;1.92E-14;45;1.45E-14;36.7;20700;24500
1,1,2,2-Tetrafluoro-1-methoxyethane;485399-46-0;HG'-02;CH3O(CF2CF2O)2CH3;1.7;0.562;2.00E-11;823;2.05E-11;229;2.05E-11;65.3;2.18E-14;50.9;1.64E-14;41.5;23400;27700
1,1,2,2-tetrafluoro-1-methoxy-2-[1,1,2,2-tetrafluoro-2-(1,1,2,2-tetrafluoro-2-methoxyethoxy)ethoxy]ethane;485399-48-2;HG'-03;CH3O(CF2CF2O)3CH3;1.7;0.762;1.92E-11;789;1.96E-11;219;1.96E-11;62.5;2.09E-14;48.8;1.57E-14;39.8;22400;26600
1,1,1,2,3,3-hexafluoro-3-(trifluoromethoxy)propane;428454-68-6;HFE-329me3;CF3CFHCF2OCF3;33.6;0.489;1.80E-10;7410;3.93E-10;4390;4.16E-10;1330;1.73E-12;4040;6.71E-13;1700;;
3,3,4,4,5,5,6,6,7,7,7-undecafluoroheptan-1-ol;185689-57-0;;CF3(CF2)4CH2CH2OH;0.047;0.054;4.68E-14;1.92;4.77E-14;0.533;4.77E-14;0.152;5.00E-17;0.117;3.79E-17;0.096;54.8;64.8
3,3,4,4,5,5,6,6,7,7,8,8,9,9,9-pentadecafluorononan-1-ol;755-02-2;;CF3(CF2)6CH2CH2OH;0.047;0.06;3.93E-14;1.62;4.01E-14;0.449;4.02E-14;0.128;4.21E-17;0.098;3.19E-17;0.081;46.1;54.5
3,3,4,4,5,5,6,6,7,7,8,8,9,9,10,10,11,11,11-nonadecafluoroundecan-1-ol;87017-97-8;;CF3(CF2)8CH2CH2OH;0.047;0.045;2.40E-14;0.985;2.45E-14;0.273;2.45E-14;0.078;2.56E-17;0.06;1.94E-17;0.049;28.1;33.2
2-chloro-1,1,2-trifluoro-1-methoxyethane;425-87-6;;CH3OCF2CHClF;1.43;0.211;1.19E-11;488;1.21E-11;136;1.21E-11;38.7;1.29E-14;30.1;9.70E-15;24.6;13900;16400
1‘«…(difluoro(trifluoromethoxy)methoxy)‘«…1,1,2,3,3,3‘«…hexafluoro‘«…2‘«…(trifluoromethoxy)propane;1309353-34-1;PFPMIE;CF3OCFCF3CF2OCF2OCF3;800;0.64;1.89E-10;7750;9.20E-10;10300;3.68E-09;11700;4.59E-12;10700;4.75E-12;12000;;
1,1,2-trifluoro-2-(trifluoromethoxy)ethene;1187-93-5;HFE-216;CF3OCF=CF2;0.004;0.006;9.09E-16;0.037;9.27E-16;0.01;9.28E-16;0.003;9.71E-19;0.002;7.37E-19;0.002;1.06;1.26
Perfluoroethyl formate;313064-40-3;;CF3CF2OCHO;3.6;0.408;5.19E-11;2130;5.34E-11;597;5.34E-11;170;5.79E-14;135;4.31E-14;109;60800;72100
2,2,2-trifluoroethyl formate;32042-38-9;;CF3CH2OCHO;0.548;0.192;4.80E-12;197;4.90E-12;54.8;4.90E-12;15.6;5.16E-15;12.1;3.90E-15;9.89;5620;6650
"Formic acid;1,1,1,3,3,3-hexafluoropropan-2-ol";856766-70-6;;(CF3)2CHOCHO;3.1;0.255;2.35E-11;964;2.40E-11;269;2.41E-11;76.7;2.59E-14;60.6;1.93E-14;49;27400;32500
Ethenyl 2,2,2-trifluoroacetate;433-28-3;;CF3COOCH=CH2;0.004;0.004;7.05E-16;0.029;7.19E-16;0.008;7.19E-16;0.002;7.52E-19;0.002;5.71E-19;0.001;0.825;0.976
Ethyl 2,2,2-trifluoroacetate;383-63-1;;CF3COOCH2CH3;0.06;0.056;1.39E-13;5.7;1.41E-13;1.58;1.42E-13;0.451;1.48E-16;0.347;1.12E-16;0.285;162;192
Prop-2-enyl 2,2,2-trifluoroacetate;383-67-5;;CF3COOCH2CH=CH2;0.003;0.005;6.36E-16;0.026;6.48E-16;0.007;6.49E-16;0.002;6.79E-19;0.002;5.15E-19;0.001;0.745;0.881
Methyl 2,2,2-trifluoroacetate;431-47-0;;CF3COOCH3;1;0.158;7.21E-12;296;7.36E-12;82.3;7.36E-12;23.5;7.78E-15;18.2;5.87E-15;14.9;8430;9980
2,2,3,3,4,4,4-heptafluorobutan-1-ol;375-01-9;;CF3CF2CF2CH2OH;0.55;0.199;3.20E-12;131;3.26E-12;36.5;3.26E-12;10.4;3.43E-15;8.03;2.60E-15;6.58;3740;4430
1,1,2-trifluoro-2-(trifluoromethoxy)ethane;84011-06-3;;CHF2CHFOCF3;9;0.353;9.76E-11;4010;1.13E-10;1260;1.13E-10;359;1.62E-13;379;9.33E-14;236;126000;151000
1-ethoxy-1,1,2,3,3,3-hexafluoropropane;380-34-7;;CF3CHFCF2OCH2CH3;0.403;0.193;2.32E-12;95.2;2.36E-12;26.4;2.37E-12;7.54;2.49E-15;5.81;1.88E-15;4.77;2710;3210
1,1,1,2,2,3,3-heptafluoro-3-(1,2,2,2-tetrafluoroethoxy)propane;3330-15-2;;CF3CF2CF2OCHFCF3;59.4;0.591;2.02E-10;8320;5.93E-10;6630;7.33E-10;2340;2.93E-12;6860;1.63E-12;4140;;
2,2,3,3-tetrafluoropropan-1-ol;76-37-9;;CHF2CF2CH2OH;0.255;0.112;1.27E-12;52;1.29E-12;14.4;1.29E-12;4.12;1.36E-15;3.17;1.03E-15;2.6;1480;1750
2,2,3,4,4,4-hexafluorobutan-1-ol;382-31-0;;CF3CHFCF2CH2OH;0.367;0.227;2.67E-12;110;2.73E-12;30.5;2.73E-12;8.69;2.87E-15;6.7;2.17E-15;5.5;3130;3700
1,1,2,2-tetrafluoro-3-methoxypropane;60598-17-6;;CHF2CF2CH2OCH3;0.071;0.052;1.47E-13;6.03;1.50E-13;1.68;1.50E-13;0.478;1.57E-16;0.367;1.19E-16;0.302;172;203
1,1,1,2,2,4,5,5,5-nonafluoro-4-(trifluoromethyl)pentan-3-one;756-13-8;;CF3CF2COCF(CF3)2;0.019;0.028;1.00E-14;0.411;1.02E-14;0.114;1.02E-14;0.033;1.07E-17;0.025;8.12E-18;0.021;11.7;13.9
3,3,3-trifluoropropanal;460-40-2;;CF3CH2CHO;0.008;0.005;2.21E-15;0.091;2.25E-15;0.025;2.25E-15;0.007;2.36E-18;0.006;1.79E-18;0.005;2.58;3.06
2-fluoroethanol;371-62-0;;CH2FCH2OH;0.044;0.012;4.65E-14;1.91;4.74E-14;0.53;4.74E-14;0.151;4.97E-17;0.116;3.77E-17;0.095;54.4;64.4
2,2-difluoroethanol;359-13-7;;CHF2CH2OH;0.167;0.046;5.42E-13;22.3;5.53E-13;6.18;5.53E-13;1.76;5.80E-16;1.36;4.40E-16;1.11;634;751
2,2,2-trifluoroethanol;75-89-8;;CF3CH2OH;0.458;0.117;3.13E-12;129;3.20E-12;35.7;3.20E-12;10.2;3.36E-15;7.86;2.54E-15;6.44;3660;4340
;173350-38-4;HG-04;CHF2O(CF2CF2O)4CHF2;26.9;1.46;2.04E-10;8400;3.92E-10;4380;4.03E-10;1280;1.56E-12;3660;5.38E-13;1360;;
Methyl-perfluoroheptene-ethers;;;CH3OC7F13;0.304;0.27;1.32E-12;54.4;1.35E-12;15.1;1.35E-12;4.3;1.42E-15;3.31;1.07E-15;2.72;1550;1830
1,1,1-trifluoropropan-2-one;421-50-1;;CF3COCH3;0.014;0.011;7.88E-15;0.324;8.04E-15;0.09;8.04E-15;0.026;8.41E-18;0.02;6.39E-18;0.016;9.23;10.9
1,1,1-trifluorobutan-2-one;381-88-4;;CF3COCH2CH3;0.018;0.01;8.34E-15;0.343;8.51E-15;0.095;8.51E-15;0.027;8.91E-18;0.021;6.76E-18;0.017;9.77;11.6
1-chloro-2-ethenoxyethane;110-75-8;2ClEVE;ClCH2CH2OCH=CH2;0;0.001;1.65E-17;0.001;1.68E-17;0;1.68E-17;0;1.76E-20;0;1.33E-20;0;0.019;0.023
Ethane;74-84-0;;C2H6;0.159;0.001;3.83E-14;1.57;3.91E-14;0.437;3.91E-14;0.125;4.10E-17;0.096;3.11E-17;0.079;44.8;53
Propane;74-98-6;;C3H8;0.036;0;1.75E-15;0.072;1.78E-15;0.02;1.78E-15;0.006;1.87E-18;0.004;1.41E-18;0.004;2.04;2.42
Butane;106-97-8;;n-C4H10;0.019;0;5.42E-16;0.022;5.53E-16;0.006;5.53E-16;0.002;5.79E-19;0.001;4.40E-19;0.001;0.635;0.751
2-methylpentan-3-one;565-69-5;;CH3CH2COCH(CH3)2;0.015;0.02;1.75E-14;0.719;1.79E-14;0.2;1.79E-14;0.057;1.87E-17;0.044;1.42E-17;0.036;20.5;24.3
Ethyl methyl ether;540-67-0;;CH3CH2OCH3;0.005;0.002;8.56E-16;0.035;8.73E-16;0.01;8.73E-16;0.003;9.14E-19;0.002;6.94E-19;0.002;1;1.19
2,2,3,3,4,4,5,5-octafluorooxolane;773-14-8;Octafluorooxolane;c-C4F8O;3000;0.463;2.46E-10;10100;1.24E-09;13900;5.89E-09;18800;6.18E-12;14500;6.65E-12;16900;;
Crotonaldehyde;4170-30-3;;CH3CH=CHCHO;0.001;0;0;0;0;0;0;0;0;0;0;0;0;0
Methyl vinyl ketone;78-94-4;MVK;CH3COCH=CH2;0.001;0;2.48E-17;0.001;2.53E-17;0;2.53E-17;0;2.64E-20;0;2.01E-20;0;0.029;0.034
Allyl ether;557-40-4;AE;(CH2=CHCH2)2O;0;0.001;1.19E-17;0;1.21E-17;0;1.21E-17;0;1.27E-20;0;9.65E-21;0;0.014;0.017
Allyl ethyl ether;557-31-3;AEE;CH3CH2OCH2CH=CH2;0.001;0.001;3.39E-17;0.001;3.46E-17;0;3.46E-17;0;3.62E-20;0;2.75E-20;0;0.04;0.047
(z)-hex-2-en-1-ol;928-94-9;;CH3CH2CH2CH=CHCH2OH;0;0.038;2.23E-16;0.009;2.28E-16;0.003;2.28E-16;0.001;2.38E-19;0.001;1.81E-19;0;0.261;0.309
(e)-hex-2-en-1-ol;928-95-0;;CH3CH2CH2CH=CHCH2OH;0;0.036;2.08E-16;0.009;2.12E-16;0.002;2.12E-16;0.001;2.22E-19;0.001;1.68E-19;0;0.243;0.288
3-butenenitrile;109-75-1;Allyl cyanide;CH2=CHCH2CN;0.002;0;4.08E-17;0.002;4.16E-17;0;4.16E-17;0;4.35E-20;0;3.30E-20;0;0.048;0.056
Hexamethyldisiloxane;107-46-0;;C6H18OSi2;0.025;0.047;4.18E-14;1.72;4.26E-14;0.476;4.26E-14;0.136;4.46E-17;0.104;3.39E-17;0.086;48.9;57.9
Octamethyltrisiloxane;107-51-7;;C8H24O2Si3;0.019;0.06;2.85E-14;1.17;2.90E-14;0.325;2.90E-14;0.093;3.04E-17;0.071;2.31E-17;0.058;33.3;39.4
Decamethyltetrasiloxane;141-62-8;;C10H30O3Si4;0.014;0.06;1.55E-14;0.635;1.58E-14;0.176;1.58E-14;0.05;1.65E-17;0.039;1.25E-17;0.032;18.1;21.4
Dodecamethylpentasiloxane;141-63-9;;C12H36O4Si5;0.011;0.064;1.07E-14;0.439;1.09E-14;0.122;1.09E-14;0.035;1.14E-17;0.027;8.67E-18;0.022;12.5;14.8
Hexamethylcyclotrisiloxane;541-05-9;;C6H18O3Si3;0.038;0.1;1.01E-13;4.14;1.03E-13;1.15;1.03E-13;0.328;1.08E-16;0.252;8.18E-17;0.207;118;140
Octamethylcyclotetrasiloxane;556-67-2;;C8H24O4Si4;0.027;0.12;6.48E-14;2.66;6.61E-14;0.739;6.61E-14;0.211;6.92E-17;0.162;5.25E-17;0.133;75.9;89.8
Decamethylcyclopentasiloxane;541-02-6;;C10H30O5Si5;0.016;0.098;2.53E-14;1.04;2.58E-14;0.289;2.58E-14;0.082;2.71E-17;0.063;2.05E-17;0.052;29.7;35.1
Dodecamethylcyclohexasiloxane;540-97-6;;C12H36O6Si6;0.011;0.086;1.24E-14;0.51;1.27E-14;0.142;1.27E-14;0.04;1.33E-17;0.031;1.01E-17;0.026;14.6;17.2
