"units","year","gwp","F-gases","N2O","CH4","CO2-LULUCF","CO2-FFI"
"GtCO2",1959,1,NA,NA,NA,7.74932583333333,8.86113360823409
"GtCO2",1960,1,NA,NA,NA,6.71088916666667,9.39384229339963
"GtCO2",1961,1,NA,NA,NA,6.82549083333333,9.42189442332347
"GtCO2",1962,1,NA,NA,NA,6.33530333333333,9.75438125975973
"GtCO2",1963,1,NA,NA,NA,6.16576583333333,10.274244391324
"GtCO2",1964,1,NA,NA,NA,5.86309166666667,10.832344166335
"GtCO2",1965,1,NA,NA,NA,5.629195,11.3188323198998
"GtCO2",1966,1,NA,NA,NA,5.22663166666667,11.8712799822229
"GtCO2",1967,1,NA,NA,NA,5.40478583333333,12.2462756580096
"GtCO2",1968,1,NA,NA,NA,5.33628333333333,12.914675562988
"GtCO2",1969,1,NA,NA,NA,5.84022083333333,13.7718011439915
"GtCO2",1970,1,NA,NA,NA,5.6982475,14.9099680504149
"GtCO2",1971,1,NA,NA,NA,5.12182,15.5151384539614
"GtCO2",1972,1,NA,NA,NA,5.3944825,16.2364049445817
"GtCO2",1973,1,NA,NA,NA,5.24789833333333,17.0975274636657
"GtCO2",1974,1,NA,NA,NA,5.1421425,17.0234523753271
"GtCO2",1975,1,NA,NA,NA,5.06301583333333,17.0651636542993
"GtCO2",1976,1,NA,NA,NA,5.08787583333333,18.0022045783997
"GtCO2",1977,1,NA,NA,NA,5.51778333333333,18.5120975602936
"GtCO2",1978,1,NA,NA,NA,5.41699583333333,19.0831692081967
"GtCO2",1979,1,NA,NA,NA,4.69016166666667,19.6232917764951
"GtCO2",1980,1,NA,NA,NA,4.9711475,19.5027081969085
"GtCO2",1981,1,NA,NA,NA,4.833455,19.0367496894457
"GtCO2",1982,1,NA,NA,NA,4.54700583333333,18.8848323301712
"GtCO2",1983,1,NA,NA,NA,4.7884375,19.0057327840849
"GtCO2",1984,1,NA,NA,NA,5.64318333333333,19.6621011296009
"GtCO2",1985,1,NA,NA,NA,5.29481333333333,20.3266846689902
"GtCO2",1986,1,NA,NA,NA,5.53120333333333,20.6299668036197
"GtCO2",1987,1,NA,NA,NA,5.34369,21.2655404490995
"GtCO2",1988,1,NA,NA,NA,5.17474833333333,22.1012036142456
"GtCO2",1989,1,NA,NA,NA,4.95694833333333,22.402930515263
"GtCO2",1990,1,NA,NA,NA,4.9802225,22.7455305016103
"GtCO2",1991,1,NA,NA,NA,4.97360416666667,23.2029763350841
"GtCO2",1992,1,NA,NA,NA,5.26183166666667,22.5445680820615
"GtCO2",1993,1,NA,NA,NA,4.97748166666667,22.7723486928004
"GtCO2",1994,1,NA,NA,NA,5.8936625,23.0096812121402
"GtCO2",1995,1,NA,NA,NA,5.43635583333333,23.5492097041488
"GtCO2",1996,1,NA,NA,NA,6.0169175,24.2758225927639
"GtCO2",1997,1,NA,NA,NA,7.41195583333333,24.419665462057
"GtCO2",1998,1,NA,NA,NA,6.14893583333333,24.3214656529147
"GtCO2",1999,1,NA,NA,NA,6.00728333333333,24.871816272449
"GtCO2",2000,1,NA,NA,NA,5.30107416666667,25.5291194291589
"GtCO2",2001,1,NA,NA,NA,4.76871083333333,25.7250025403732
"GtCO2",2002,1,NA,NA,NA,5.13184833333333,26.2959930870007
"GtCO2",2003,1,NA,NA,NA,6.08010333333333,27.6896277003213
"GtCO2",2004,1,NA,NA,NA,5.40792083333333,28.6533447255843
"GtCO2",2005,1,NA,NA,NA,4.89454166666667,29.6359475157134
"GtCO2",2006,1,NA,NA,NA,5.33602666666667,30.6506875104364
"GtCO2",2007,1,NA,NA,NA,4.59792666666667,31.5575950085711
"GtCO2",2008,1,NA,NA,NA,4.8838625,32.0975422275036
"GtCO2",2009,1,NA,NA,NA,5.27781833333333,31.5648782181915
"GtCO2",2010,1,NA,NA,NA,5.49190583333333,33.3801799370199
"GtCO2",2011,1,NA,NA,NA,5.28210833333333,34.5296505924255
"GtCO2",2012,1,NA,NA,NA,5.6560075,35.025493429272
"GtCO2",2013,1,NA,NA,NA,5.11987666666667,35.3273484616819
"GtCO2",2014,1,NA,NA,NA,5.40012,35.4758953972387
"GtCO2",2015,1,NA,NA,NA,5.5356125,35.4306647269067
"GtCO2",2016,1,NA,NA,NA,4.40946,35.4424323905176
"GtCO2",2017,1,NA,NA,NA,4.23410166666667,36.0160913972762
"GtCO2",2018,1,NA,NA,NA,3.84751583333333,36.7571590366622
"GtCO2",2019,1,NA,NA,NA,3.7895,37.1312824268496
"GtCO2",2020,1,NA,NA,NA,3.44149666666667,35.1520912810263
"GtCO2",2021,1,NA,NA,NA,3.555365,37.0186589367089
"GtCO2",2022,1,NA,NA,NA,3.54361333333333,37.3209789229002
"GtCO2",2023,1,NA,NA,NA,3.62754333333333,37.8190734917461
"GtCO2e",1750,1,7.8699254692245e-05,NA,NA,NA,NA
"GtCO2e",1751,1,7.8699254692245e-05,NA,NA,NA,NA
"GtCO2e",1752,1,7.8699254692245e-05,NA,NA,NA,NA
"GtCO2e",1753,1,7.8699254692245e-05,NA,NA,NA,NA
"GtCO2e",1754,1,7.8699254692245e-05,NA,NA,NA,NA
"GtCO2e",1755,1,7.8699254692245e-05,NA,NA,NA,NA
"GtCO2e",1756,1,7.8699254692245e-05,NA,NA,NA,NA
"GtCO2e",1757,1,7.8699254692245e-05,NA,NA,NA,NA
"GtCO2e",1758,1,7.8699254692245e-05,NA,NA,NA,NA
"GtCO2e",1759,1,7.8699254692245e-05,NA,NA,NA,NA
"GtCO2e",1760,1,7.8699254692245e-05,NA,NA,NA,NA
"GtCO2e",1761,1,7.8699254692245e-05,NA,NA,NA,NA
"GtCO2e",1762,1,7.8699254692245e-05,NA,NA,NA,NA
"GtCO2e",1763,1,7.8699254692245e-05,NA,NA,NA,NA
"GtCO2e",1764,1,7.8699254692245e-05,NA,NA,NA,NA
"GtCO2e",1765,1,7.8699254692245e-05,NA,NA,NA,NA
"GtCO2e",1766,1,7.8699254692245e-05,NA,NA,NA,NA
"GtCO2e",1767,1,7.8699254692245e-05,NA,NA,NA,NA
"GtCO2e",1768,1,7.8699254692245e-05,NA,NA,NA,NA
"GtCO2e",1769,1,7.8699254692245e-05,NA,NA,NA,NA
"GtCO2e",1770,1,7.8699254692245e-05,NA,NA,NA,NA
"GtCO2e",1771,1,7.8699254692245e-05,NA,NA,NA,NA
"GtCO2e",1772,1,7.8699254692245e-05,NA,NA,NA,NA
"GtCO2e",1773,1,7.8699254692245e-05,NA,NA,NA,NA
"GtCO2e",1774,1,7.8699254692245e-05,NA,NA,NA,NA
"GtCO2e",1775,1,7.8699254692245e-05,NA,NA,NA,NA
"GtCO2e",1776,1,7.8699254692245e-05,NA,NA,NA,NA
"GtCO2e",1777,1,7.8699254692245e-05,NA,NA,NA,NA
"GtCO2e",1778,1,7.8699254692245e-05,NA,NA,NA,NA
"GtCO2e",1779,1,7.8699254692245e-05,NA,NA,NA,NA
"GtCO2e",1780,1,7.8699254692245e-05,NA,NA,NA,NA
"GtCO2e",1781,1,7.8699254692245e-05,NA,NA,NA,NA
"GtCO2e",1782,1,7.8699254692245e-05,NA,NA,NA,NA
"GtCO2e",1783,1,7.8699254692245e-05,NA,NA,NA,NA
"GtCO2e",1784,1,7.8699254692245e-05,NA,NA,NA,NA
"GtCO2e",1785,1,7.8699254692245e-05,NA,NA,NA,NA
"GtCO2e",1786,1,7.8699254692245e-05,NA,NA,NA,NA
"GtCO2e",1787,1,7.8699254692245e-05,NA,NA,NA,NA
"GtCO2e",1788,1,7.8699254692245e-05,NA,NA,NA,NA
"GtCO2e",1789,1,7.8699254692245e-05,NA,NA,NA,NA
"GtCO2e",1790,1,7.8699254692245e-05,NA,NA,NA,NA
"GtCO2e",1791,1,7.8699254692245e-05,NA,NA,NA,NA
"GtCO2e",1792,1,7.8699254692245e-05,NA,NA,NA,NA
"GtCO2e",1793,1,7.8699254692245e-05,NA,NA,NA,NA
"GtCO2e",1794,1,7.8699254692245e-05,NA,NA,NA,NA
"GtCO2e",1795,1,7.8699254692245e-05,NA,NA,NA,NA
"GtCO2e",1796,1,7.8699254692245e-05,NA,NA,NA,NA
"GtCO2e",1797,1,7.8699254692245e-05,NA,NA,NA,NA
"GtCO2e",1798,1,7.8699254692245e-05,NA,NA,NA,NA
"GtCO2e",1799,1,7.8699254692245e-05,NA,NA,NA,NA
"GtCO2e",1800,1,7.8699254692245e-05,NA,NA,NA,NA
"GtCO2e",1801,1,7.8699254692245e-05,NA,NA,NA,NA
"GtCO2e",1802,1,7.8699254692245e-05,NA,NA,NA,NA
"GtCO2e",1803,1,7.8699254692245e-05,NA,NA,NA,NA
"GtCO2e",1804,1,7.8699254692245e-05,NA,NA,NA,NA
"GtCO2e",1805,1,7.8699254692245e-05,NA,NA,NA,NA
"GtCO2e",1806,1,7.8699254692245e-05,NA,NA,NA,NA
"GtCO2e",1807,1,7.8699254692245e-05,NA,NA,NA,NA
"GtCO2e",1808,1,7.8699254692245e-05,NA,NA,NA,NA
"GtCO2e",1809,1,7.8699254692245e-05,NA,NA,NA,NA
"GtCO2e",1810,1,7.8699254692245e-05,NA,NA,NA,NA
"GtCO2e",1811,1,7.8699254692245e-05,NA,NA,NA,NA
"GtCO2e",1812,1,7.8699254692245e-05,NA,NA,NA,NA
"GtCO2e",1813,1,7.8699254692245e-05,NA,NA,NA,NA
"GtCO2e",1814,1,7.8699254692245e-05,NA,NA,NA,NA
"GtCO2e",1815,1,7.8699254692245e-05,NA,NA,NA,NA
"GtCO2e",1816,1,7.8699254692245e-05,NA,NA,NA,NA
"GtCO2e",1817,1,7.8699254692245e-05,NA,NA,NA,NA
"GtCO2e",1818,1,7.8699254692245e-05,NA,NA,NA,NA
"GtCO2e",1819,1,7.8699254692245e-05,NA,NA,NA,NA
"GtCO2e",1820,1,7.8699254692245e-05,NA,NA,NA,NA
"GtCO2e",1821,1,7.8699254692245e-05,NA,NA,NA,NA
"GtCO2e",1822,1,7.8699254692245e-05,NA,NA,NA,NA
"GtCO2e",1823,1,7.8699254692245e-05,NA,NA,NA,NA
"GtCO2e",1824,1,7.8699254692245e-05,NA,NA,NA,NA
"GtCO2e",1825,1,7.8699254692245e-05,NA,NA,NA,NA
"GtCO2e",1826,1,7.8699254692245e-05,NA,NA,NA,NA
"GtCO2e",1827,1,7.8699254692245e-05,NA,NA,NA,NA
"GtCO2e",1828,1,7.8699254692245e-05,NA,NA,NA,NA
"GtCO2e",1829,1,7.8699254692245e-05,NA,NA,NA,NA
"GtCO2e",1830,1,7.8699254692245e-05,NA,NA,NA,NA
"GtCO2e",1831,1,7.8699254692245e-05,NA,NA,NA,NA
"GtCO2e",1832,1,7.8699254692245e-05,NA,NA,NA,NA
"GtCO2e",1833,1,7.8699254692245e-05,NA,NA,NA,NA
"GtCO2e",1834,1,7.8699254692245e-05,NA,NA,NA,NA
"GtCO2e",1835,1,7.8699254692245e-05,NA,NA,NA,NA
"GtCO2e",1836,1,7.8699254692245e-05,NA,NA,NA,NA
"GtCO2e",1837,1,7.8699254692245e-05,NA,NA,NA,NA
"GtCO2e",1838,1,7.8699254692245e-05,NA,NA,NA,NA
"GtCO2e",1839,1,7.8699254692245e-05,NA,NA,NA,NA
"GtCO2e",1840,1,7.8699254692245e-05,NA,NA,NA,NA
"GtCO2e",1841,1,7.8699254692245e-05,NA,NA,NA,NA
"GtCO2e",1842,1,7.8699254692245e-05,NA,NA,NA,NA
"GtCO2e",1843,1,7.8699254692245e-05,NA,NA,NA,NA
"GtCO2e",1844,1,7.8699254692245e-05,NA,NA,NA,NA
"GtCO2e",1845,1,7.8699254692245e-05,NA,NA,NA,NA
"GtCO2e",1846,1,7.8699254692245e-05,NA,NA,NA,NA
"GtCO2e",1847,1,7.8699254692245e-05,NA,NA,NA,NA
"GtCO2e",1848,1,7.8699254692245e-05,NA,NA,NA,NA
"GtCO2e",1849,1,7.8699254692245e-05,NA,NA,NA,NA
"GtCO2e",1850,1,8.00800636362652e-05,NA,NA,NA,NA
"GtCO2e",1851,1,8.1665340464792e-05,NA,NA,NA,NA
"GtCO2e",1852,1,8.18792893950587e-05,NA,NA,NA,NA
"GtCO2e",1853,1,8.18954776991438e-05,NA,NA,NA,NA
"GtCO2e",1854,1,8.19117916873236e-05,NA,NA,NA,NA
"GtCO2e",1855,1,8.19319603631231e-05,NA,NA,NA,NA
"GtCO2e",1856,1,8.19540411009776e-05,NA,NA,NA,NA
"GtCO2e",1857,1,8.19780325076539e-05,NA,NA,NA,NA
"GtCO2e",1858,1,8.20039351499207e-05,NA,NA,NA,NA
"GtCO2e",1859,1,8.20317496795921e-05,NA,NA,NA,NA
"GtCO2e",1860,1,8.20614762733312e-05,NA,NA,NA,NA
"GtCO2e",1861,1,8.78493969177276e-05,NA,NA,NA,NA
"GtCO2e",1862,1,8.78830625933666e-05,NA,NA,NA,NA
"GtCO2e",1863,1,8.21623583711745e-05,NA,NA,NA,NA
"GtCO2e",1864,1,8.21997381944631e-05,NA,NA,NA,NA
"GtCO2e",1865,1,8.22390242145963e-05,NA,NA,NA,NA
"GtCO2e",1866,1,8.80365075292969e-05,NA,NA,NA,NA
"GtCO2e",1867,1,8.80797398551277e-05,NA,NA,NA,NA
"GtCO2e",1868,1,8.23685986724975e-05,NA,NA,NA,NA
"GtCO2e",1869,1,8.24155462969582e-05,NA,NA,NA,NA
"GtCO2e",1870,1,8.82206828679341e-05,NA,NA,NA,NA
"GtCO2e",1871,1,8.82715692254706e-05,NA,NA,NA,NA
"GtCO2e",1872,1,8.25680904222778e-05,NA,NA,NA,NA
"GtCO2e",1873,1,8.8378967049625e-05,NA,NA,NA,NA
"GtCO2e",1874,1,8.84355940293905e-05,NA,NA,NA,NA
"GtCO2e",1875,1,8.84941374548475e-05,NA,NA,NA,NA
"GtCO2e",1876,1,8.85545975314139e-05,NA,NA,NA,NA
"GtCO2e",1877,1,8.86169668560689e-05,NA,NA,NA,NA
"GtCO2e",1878,1,8.86812532124246e-05,NA,NA,NA,NA
"GtCO2e",1879,1,8.87474643639224e-05,NA,NA,NA,NA
"GtCO2e",1880,1,8.88155853334803e-05,NA,NA,NA,NA
"GtCO2e",1881,1,8.88856163231794e-05,NA,NA,NA,NA
"GtCO2e",1882,1,9.47138385555133e-05,NA,NA,NA,NA
"GtCO2e",1883,1,9.47878204361631e-05,NA,NA,NA,NA
"GtCO2e",1884,1,8.91075001222814e-05,NA,NA,NA,NA
"GtCO2e",1885,1,8.91851882505161e-05,NA,NA,NA,NA
"GtCO2e",1886,1,9.50210608002741e-05,NA,NA,NA,NA
"GtCO2e",1887,1,9.51026710090816e-05,NA,NA,NA,NA
"GtCO2e",1888,1,9.51862608170958e-05,NA,NA,NA,NA
"GtCO2e",1889,1,9.52717545882984e-05,NA,NA,NA,NA
"GtCO2e",1890,1,9.53642322653891e-05,NA,NA,NA,NA
"GtCO2e",1891,1,9.54957306332704e-05,NA,NA,NA,NA
"GtCO2e",1892,1,9.56418706096703e-05,NA,NA,NA,NA
"GtCO2e",1893,1,9.57780473874225e-05,NA,NA,NA,NA
"GtCO2e",1894,1,0.000101680442892783,NA,NA,NA,NA
"GtCO2e",1895,1,0.00010182992524655,NA,NA,NA,NA
"GtCO2e",1896,1,9.62263800350357e-05,NA,NA,NA,NA
"GtCO2e",1897,1,0.000102138615332994,NA,NA,NA,NA
"GtCO2e",1898,1,0.000102297865772251,NA,NA,NA,NA
"GtCO2e",1899,1,0.000102460448076657,NA,NA,NA,NA
"GtCO2e",1900,1,0.00010305475516612,NA,NA,NA,NA
"GtCO2e",1901,1,0.000255164591090952,NA,NA,NA,NA
"GtCO2e",1902,1,0.000437853958378499,NA,NA,NA,NA
"GtCO2e",1903,1,0.000474194471076952,NA,NA,NA,NA
"GtCO2e",1904,1,0.000530701341275973,NA,NA,NA,NA
"GtCO2e",1905,1,0.000660991889170849,NA,NA,NA,NA
"GtCO2e",1906,1,0.000864230071924646,NA,NA,NA,NA
"GtCO2e",1907,1,0.00111334095675088,NA,NA,NA,NA
"GtCO2e",1908,1,0.00103816022417113,NA,NA,NA,NA
"GtCO2e",1909,1,0.00128198796814082,NA,NA,NA,NA
"GtCO2e",1910,1,0.0021381395298197,NA,NA,NA,NA
"GtCO2e",1911,1,0.00246240982367514,NA,NA,NA,NA
"GtCO2e",1912,1,0.00274152242778452,NA,NA,NA,NA
"GtCO2e",1913,1,0.00323263575076453,NA,NA,NA,NA
"GtCO2e",1914,1,0.00342221152930572,NA,NA,NA,NA
"GtCO2e",1915,1,0.00373197255748717,NA,NA,NA,NA
"GtCO2e",1916,1,0.00480176228502012,NA,NA,NA,NA
"GtCO2e",1917,1,0.00596040579335616,NA,NA,NA,NA
"GtCO2e",1918,1,0.00630208620148151,NA,NA,NA,NA
"GtCO2e",1919,1,0.00599468852117344,NA,NA,NA,NA
"GtCO2e",1920,1,0.00582156763268126,NA,NA,NA,NA
"GtCO2e",1921,1,0.00417353638363282,NA,NA,NA,NA
"GtCO2e",1922,1,0.00327969175052927,NA,NA,NA,NA
"GtCO2e",1923,1,0.00578996465662249,NA,NA,NA,NA
"GtCO2e",1924,1,0.00788371641130951,NA,NA,NA,NA
"GtCO2e",1925,1,0.00840580093442113,NA,NA,NA,NA
"GtCO2e",1926,1,0.0088260663964308,NA,NA,NA,NA
"GtCO2e",1927,1,0.00976647267324598,NA,NA,NA,NA
"GtCO2e",1928,1,0.0113153819419617,NA,NA,NA,NA
"GtCO2e",1929,1,0.012928306317502,NA,NA,NA,NA
"GtCO2e",1930,1,0.0122304608638674,NA,NA,NA,NA
"GtCO2e",1931,1,0.00961309533756001,NA,NA,NA,NA
"GtCO2e",1932,1,0.00672867188829975,NA,NA,NA,NA
"GtCO2e",1933,1,0.00521175434621615,NA,NA,NA,NA
"GtCO2e",1934,1,0.00613933078356679,NA,NA,NA,NA
"GtCO2e",1935,1,0.00916930405686083,NA,NA,NA,NA
"GtCO2e",1936,1,0.0133437966192778,NA,NA,NA,NA
"GtCO2e",1937,1,0.0175838673260568,NA,NA,NA,NA
"GtCO2e",1938,1,0.021151505160616,NA,NA,NA,NA
"GtCO2e",1939,1,0.0247839570288362,NA,NA,NA,NA
"GtCO2e",1940,1,0.0272535476578071,NA,NA,NA,NA
"GtCO2e",1941,1,0.0318662519900048,NA,NA,NA,NA
"GtCO2e",1942,1,0.0416968516704506,NA,NA,NA,NA
"GtCO2e",1943,1,0.0549310260280471,NA,NA,NA,NA
"GtCO2e",1944,1,0.0534239915469258,NA,NA,NA,NA
"GtCO2e",1945,1,0.0287510140619323,NA,NA,NA,NA
"GtCO2e",1946,1,0.0145122763473483,NA,NA,NA,NA
"GtCO2e",1947,1,0.0199841188742927,NA,NA,NA,NA
"GtCO2e",1948,1,0.0254106607117404,NA,NA,NA,NA
"GtCO2e",1949,1,0.0256655708895859,NA,NA,NA,NA
"GtCO2e",1950,1,0.0266025488479069,NA,NA,NA,NA
"GtCO2e",1951,1,0.0327275902086078,NA,NA,NA,NA
"GtCO2e",1952,1,0.03865996316398,NA,NA,NA,NA
"GtCO2e",1953,1,0.0423854108356089,NA,NA,NA,NA
"GtCO2e",1954,1,0.0455778567790634,NA,NA,NA,NA
"GtCO2e",1955,1,0.0473689343536603,NA,NA,NA,NA
"GtCO2e",1956,1,0.0483474617825477,NA,NA,NA,NA
"GtCO2e",1957,1,0.047693372462011,NA,NA,NA,NA
"GtCO2e",1958,1,0.0473576113504107,NA,NA,NA,NA
"GtCO2e",1959,1,0.0501904884470834,NA,NA,NA,NA
"GtCO2e",1960,1,0.055924328385296,NA,NA,NA,NA
"GtCO2e",1961,1,0.0623210009381788,NA,NA,NA,NA
"GtCO2e",1962,1,0.0692655780859257,NA,NA,NA,NA
"GtCO2e",1963,1,0.0752014169931993,NA,NA,NA,NA
"GtCO2e",1964,1,0.0792070974334865,NA,NA,NA,NA
"GtCO2e",1965,1,0.0839210429264511,NA,NA,NA,NA
"GtCO2e",1966,1,0.0905132598791017,NA,NA,NA,NA
"GtCO2e",1967,1,0.102298336985754,NA,NA,NA,NA
"GtCO2e",1968,1,0.114219067772399,NA,NA,NA,NA
"GtCO2e",1969,1,0.123482597743333,NA,NA,NA,NA
"GtCO2e",1970,1,0.136095568625477,NA,NA,NA,NA
"GtCO2e",1971,1,0.151483984188797,NA,NA,NA,NA
"GtCO2e",1972,1,0.166669769555465,NA,NA,NA,NA
"GtCO2e",1973,1,0.183496723651675,NA,NA,NA,NA
"GtCO2e",1974,1,0.20486717014389,NA,NA,NA,NA
"GtCO2e",1975,1,0.212721609354614,NA,NA,NA,NA
"GtCO2e",1976,1,0.218510382878125,NA,NA,NA,NA
"GtCO2e",1977,1,0.242039064264367,NA,NA,NA,NA
"GtCO2e",1978,1,0.273084529862836,NA,NA,NA,NA
"GtCO2e",1979,1,0.351566869895342,NA,NA,NA,NA
"GtCO2e",1980,1,0.375586082513926,NA,NA,NA,NA
"GtCO2e",1981,1,0.321733652850216,NA,NA,NA,NA
"GtCO2e",1982,1,0.314702941574854,NA,NA,NA,NA
"GtCO2e",1983,1,0.331545739369825,NA,NA,NA,NA
"GtCO2e",1984,1,0.351181096864629,NA,NA,NA,NA
"GtCO2e",1985,1,0.379827572206418,NA,NA,NA,NA
"GtCO2e",1986,1,0.381385010570701,NA,NA,NA,NA
"GtCO2e",1987,1,0.380500598770804,NA,NA,NA,NA
"GtCO2e",1988,1,0.405280005491499,NA,NA,NA,NA
"GtCO2e",1989,1,0.421966684312402,NA,NA,NA,NA
"GtCO2e",1990,1,0.432690343150849,NA,NA,NA,NA
"GtCO2e",1991,1,0.423394796602607,NA,NA,NA,NA
"GtCO2e",1992,1,0.419611972778173,NA,NA,NA,NA
"GtCO2e",1993,1,0.439949244973906,NA,NA,NA,NA
"GtCO2e",1994,1,0.474384738460015,NA,NA,NA,NA
"GtCO2e",1995,1,0.521826287959592,NA,NA,NA,NA
"GtCO2e",1996,1,0.561902085756952,NA,NA,NA,NA
"GtCO2e",1997,1,0.598780510796823,NA,NA,NA,NA
"GtCO2e",1998,1,0.629853889408687,NA,NA,NA,NA
"GtCO2e",1999,1,0.649520546885829,NA,NA,NA,NA
"GtCO2e",2000,1,0.657584296434815,NA,NA,NA,NA
"GtCO2e",2001,1,0.675620282083439,NA,NA,NA,NA
"GtCO2e",2002,1,0.717940381676764,NA,NA,NA,NA
"GtCO2e",2003,1,0.776640464399668,NA,NA,NA,NA
"GtCO2e",2004,1,0.834665285648973,NA,NA,NA,NA
"GtCO2e",2005,1,0.888070284953287,NA,NA,NA,NA
"GtCO2e",2006,1,0.934406054407556,NA,NA,NA,NA
"GtCO2e",2007,1,0.963402088309819,NA,NA,NA,NA
"GtCO2e",2008,1,0.973156170270452,NA,NA,NA,NA
"GtCO2e",2009,1,0.988830357466841,NA,NA,NA,NA
"GtCO2e",2010,1,1.05774181127664,NA,NA,NA,NA
"GtCO2e",2011,1,1.13355529207935,NA,NA,NA,NA
"GtCO2e",2012,1,1.20677886438571,NA,NA,NA,NA
"GtCO2e",2013,1,1.28582066166584,NA,NA,NA,NA
"GtCO2e",2014,1,1.35030131892773,NA,NA,NA,NA
"GtCO2e",2015,1,1.40939801279057,NA,NA,NA,NA
"GtCO2e",2016,1,1.4970701359135,NA,NA,NA,NA
"GtCO2e",2017,1,1.60073843634916,NA,NA,NA,NA
"GtCO2e",2018,1,1.67457814197597,NA,NA,NA,NA
"GtCO2e",2019,1,1.69678141919574,NA,NA,NA,NA
"GtCO2e",2020,1,1.74437453991104,NA,NA,NA,NA
"GtCO2e",2021,1,1.83923064254963,NA,NA,NA,NA
"GtCO2e",2022,1,1.80775209790979,NA,NA,NA,NA
"GtCO2e",2023,1,1.81745276436777,NA,NA,NA,NA
"MtCH4",1750,27.9,NA,NA,0.7513259913,NA,NA
"MtCH4",1751,27.9,NA,NA,0.753387048,NA,NA
"MtCH4",1752,27.9,NA,NA,0.7554475188,NA,NA
"MtCH4",1753,27.9,NA,NA,0.7575060366,NA,NA
"MtCH4",1754,27.9,NA,NA,0.7595639406,NA,NA
"MtCH4",1755,27.9,NA,NA,0.7616205612,NA,NA
"MtCH4",1756,27.9,NA,NA,0.7637926599,NA,NA
"MtCH4",1757,27.9,NA,NA,0.7658467416,NA,NA
"MtCH4",1758,27.9,NA,NA,0.7678995399,NA,NA
"MtCH4",1759,27.9,NA,NA,0.7699510827,NA,NA
"MtCH4",1760,27.9,NA,NA,0.7720006725,NA,NA
"MtCH4",1761,27.9,NA,NA,0.774050346,NA,NA
"MtCH4",1762,27.9,NA,NA,0.7759253376,NA,NA
"MtCH4",1763,27.9,NA,NA,0.7777990179,NA,NA
"MtCH4",1764,27.9,NA,NA,0.7796713869,NA,NA
"MtCH4",1765,27.9,NA,NA,0.7815424725,NA,NA
"MtCH4",1766,27.9,NA,NA,0.7836429519,NA,NA
"MtCH4",1767,27.9,NA,NA,0.7855114428,NA,NA
"MtCH4",1768,27.9,NA,NA,0.7873786224,NA,NA
"MtCH4",1769,27.9,NA,NA,0.7892445186,NA,NA
"MtCH4",1770,27.9,NA,NA,0.7911091035,NA,NA
"MtCH4",1771,27.9,NA,NA,0.7975931193,NA,NA
"MtCH4",1772,27.9,NA,NA,0.8038326195,NA,NA
"MtCH4",1773,27.9,NA,NA,0.8100702504,NA,NA
"MtCH4",1774,27.9,NA,NA,0.8163059841,NA,NA
"MtCH4",1775,27.9,NA,NA,0.8225398764,NA,NA
"MtCH4",1776,27.9,NA,NA,0.8290277982,NA,NA
"MtCH4",1777,27.9,NA,NA,0.835257924,NA,NA
"MtCH4",1778,27.9,NA,NA,0.8414861805,NA,NA
"MtCH4",1779,27.9,NA,NA,0.8477125398,NA,NA
"MtCH4",1780,27.9,NA,NA,0.8539377273,NA,NA
"MtCH4",1781,27.9,NA,NA,0.857554209,NA,NA
"MtCH4",1782,27.9,NA,NA,0.8608443444,NA,NA
"MtCH4",1783,27.9,NA,NA,0.864133308,NA,NA
"MtCH4",1784,27.9,NA,NA,0.8674197885,NA,NA
"MtCH4",1785,27.9,NA,NA,0.8707052367,NA,NA
"MtCH4",1786,27.9,NA,NA,0.874402461,NA,NA
"MtCH4",1787,27.9,NA,NA,0.8776841148,NA,NA
"MtCH4",1788,27.9,NA,NA,0.8809632576,NA,NA
"MtCH4",1789,27.9,NA,NA,0.8842412565,NA,NA
"MtCH4",1790,27.9,NA,NA,0.887517414,NA,NA
"MtCH4",1791,27.9,NA,NA,0.8890567686,NA,NA
"MtCH4",1792,27.9,NA,NA,0.8902275642,NA,NA
"MtCH4",1793,27.9,NA,NA,0.8913577374,NA,NA
"MtCH4",1794,27.9,NA,NA,0.8924813262,NA,NA
"MtCH4",1795,27.9,NA,NA,0.8936070912,NA,NA
"MtCH4",1796,27.9,NA,NA,0.8949132576,NA,NA
"MtCH4",1797,27.9,NA,NA,0.8962399305,NA,NA
"MtCH4",1798,27.9,NA,NA,0.897537699,NA,NA
"MtCH4",1799,27.9,NA,NA,0.8988916581,NA,NA
"MtCH4",1800,27.9,NA,NA,0.9002261151,NA,NA
"MtCH4",1801,27.9,NA,NA,0.9058449798,NA,NA
"MtCH4",1802,27.9,NA,NA,0.9125259975,NA,NA
"MtCH4",1803,27.9,NA,NA,0.9177158439,NA,NA
"MtCH4",1804,27.9,NA,NA,0.9240617547,NA,NA
"MtCH4",1805,27.9,NA,NA,0.9292244823,NA,NA
"MtCH4",1806,27.9,NA,NA,0.9351443043,NA,NA
"MtCH4",1807,27.9,NA,NA,0.9408847293,NA,NA
"MtCH4",1808,27.9,NA,NA,0.9463566447,NA,NA
"MtCH4",1809,27.9,NA,NA,0.9519600528,NA,NA
"MtCH4",1810,27.9,NA,NA,0.9582197247,NA,NA
"MtCH4",1811,27.9,NA,NA,0.9627844158,NA,NA
"MtCH4",1812,27.9,NA,NA,0.9672454026,NA,NA
"MtCH4",1813,27.9,NA,NA,0.9714341691,NA,NA
"MtCH4",1814,27.9,NA,NA,0.9757481508,NA,NA
"MtCH4",1815,27.9,NA,NA,0.9801529191,NA,NA
"MtCH4",1816,27.9,NA,NA,0.9849324402,NA,NA
"MtCH4",1817,27.9,NA,NA,0.9893050119,NA,NA
"MtCH4",1818,27.9,NA,NA,0.9934105248,NA,NA
"MtCH4",1819,27.9,NA,NA,0.9976250709,NA,NA
"MtCH4",1820,27.9,NA,NA,1.0019081673,NA,NA
"MtCH4",1821,27.9,NA,NA,1.0092263652,NA,NA
"MtCH4",1822,27.9,NA,NA,1.0167844473,NA,NA
"MtCH4",1823,27.9,NA,NA,1.0244554407,NA,NA
"MtCH4",1824,27.9,NA,NA,1.0320940701,NA,NA
"MtCH4",1825,27.9,NA,NA,1.0395948456,NA,NA
"MtCH4",1826,27.9,NA,NA,1.0468978659,NA,NA
"MtCH4",1827,27.9,NA,NA,1.0550367144,NA,NA
"MtCH4",1828,27.9,NA,NA,1.0623600738,NA,NA
"MtCH4",1829,27.9,NA,NA,1.0695249612,NA,NA
"MtCH4",1830,27.9,NA,NA,1.0799028963,NA,NA
"MtCH4",1831,27.9,NA,NA,1.0867401819,NA,NA
"MtCH4",1832,27.9,NA,NA,1.0943851446,NA,NA
"MtCH4",1833,27.9,NA,NA,1.1021240745,NA,NA
"MtCH4",1834,27.9,NA,NA,1.1100737052,NA,NA
"MtCH4",1835,27.9,NA,NA,1.1177266473,NA,NA
"MtCH4",1836,27.9,NA,NA,1.1277332892,NA,NA
"MtCH4",1837,27.9,NA,NA,1.1350375092,NA,NA
"MtCH4",1838,27.9,NA,NA,1.1430195597,NA,NA
"MtCH4",1839,27.9,NA,NA,1.1508141222,NA,NA
"MtCH4",1840,27.9,NA,NA,1.1591347392,NA,NA
"MtCH4",1841,27.9,NA,NA,1.1661398433,NA,NA
"MtCH4",1842,27.9,NA,NA,1.1733497613,NA,NA
"MtCH4",1843,27.9,NA,NA,1.1801743245,NA,NA
"MtCH4",1844,27.9,NA,NA,1.1875664574,NA,NA
"MtCH4",1845,27.9,NA,NA,1.1960247051,NA,NA
"MtCH4",1846,27.9,NA,NA,1.2018873321,NA,NA
"MtCH4",1847,27.9,NA,NA,1.2104457687,NA,NA
"MtCH4",1848,27.9,NA,NA,1.2163107951,NA,NA
"MtCH4",1849,27.9,NA,NA,1.2240125901,NA,NA
"MtCH4",1850,27.9,NA,NA,1.2323169135,NA,NA
"MtCH4",1851,27.9,NA,NA,1.237026573,NA,NA
"MtCH4",1852,27.9,NA,NA,1.2436024635,NA,NA
"MtCH4",1853,27.9,NA,NA,1.2509848872,NA,NA
"MtCH4",1854,27.9,NA,NA,1.263046113,NA,NA
"MtCH4",1855,27.9,NA,NA,1.2694571982,NA,NA
"MtCH4",1856,27.9,NA,NA,1.2779104518,NA,NA
"MtCH4",1857,27.9,NA,NA,1.2838035456,NA,NA
"MtCH4",1858,27.9,NA,NA,1.2895211205,NA,NA
"MtCH4",1859,27.9,NA,NA,1.2984264099,NA,NA
"MtCH4",1860,27.9,NA,NA,1.3089537495,NA,NA
"MtCH4",1861,27.9,NA,NA,1.3171733964,NA,NA
"MtCH4",1862,27.9,NA,NA,1.3236506046,NA,NA
"MtCH4",1863,27.9,NA,NA,1.3345682931,NA,NA
"MtCH4",1864,27.9,NA,NA,1.344891042,NA,NA
"MtCH4",1865,27.9,NA,NA,1.3545171558,NA,NA
"MtCH4",1866,27.9,NA,NA,1.364562774,NA,NA
"MtCH4",1867,27.9,NA,NA,1.3724784783,NA,NA
"MtCH4",1868,27.9,NA,NA,1.3793195862,NA,NA
"MtCH4",1869,27.9,NA,NA,1.3892503122,NA,NA
"MtCH4",1870,27.9,NA,NA,1.3962629214,NA,NA
"MtCH4",1871,27.9,NA,NA,1.4096266866,NA,NA
"MtCH4",1872,27.9,NA,NA,1.4277894471,NA,NA
"MtCH4",1873,27.9,NA,NA,1.4427411687,NA,NA
"MtCH4",1874,27.9,NA,NA,1.4478564384,NA,NA
"MtCH4",1875,27.9,NA,NA,1.4636562363,NA,NA
"MtCH4",1876,27.9,NA,NA,1.4744177685,NA,NA
"MtCH4",1877,27.9,NA,NA,1.4858865099,NA,NA
"MtCH4",1878,27.9,NA,NA,1.4960994165,NA,NA
"MtCH4",1879,27.9,NA,NA,1.5113267343,NA,NA
"MtCH4",1880,27.9,NA,NA,1.5323055813,NA,NA
"MtCH4",1881,27.9,NA,NA,1.5497013429,NA,NA
"MtCH4",1882,27.9,NA,NA,1.5674396607,NA,NA
"MtCH4",1883,27.9,NA,NA,1.5867421362,NA,NA
"MtCH4",1884,27.9,NA,NA,1.5988683411,NA,NA
"MtCH4",1885,27.9,NA,NA,1.6108749387,NA,NA
"MtCH4",1886,27.9,NA,NA,1.6240433202,NA,NA
"MtCH4",1887,27.9,NA,NA,1.6422875487,NA,NA
"MtCH4",1888,27.9,NA,NA,1.6667508267,NA,NA
"MtCH4",1889,27.9,NA,NA,1.6791728832,NA,NA
"MtCH4",1890,27.9,NA,NA,1.7045973162,NA,NA
"MtCH4",1891,27.9,NA,NA,1.7233207551,NA,NA
"MtCH4",1892,27.9,NA,NA,1.7362950921,NA,NA
"MtCH4",1893,27.9,NA,NA,1.7441392608,NA,NA
"MtCH4",1894,27.9,NA,NA,1.7634343428,NA,NA
"MtCH4",1895,27.9,NA,NA,1.7859300012,NA,NA
"MtCH4",1896,27.9,NA,NA,1.802520513,NA,NA
"MtCH4",1897,27.9,NA,NA,1.8235308312,NA,NA
"MtCH4",1898,27.9,NA,NA,1.8456665796,NA,NA
"MtCH4",1899,27.9,NA,NA,1.8761161932,NA,NA
"MtCH4",1900,27.9,NA,NA,1.9018716876,NA,NA
"MtCH4",1901,27.9,NA,NA,1.9223739189,NA,NA
"MtCH4",1902,27.9,NA,NA,1.9399713417,NA,NA
"MtCH4",1903,27.9,NA,NA,1.9738090197,NA,NA
"MtCH4",1904,27.9,NA,NA,1.9895055318,NA,NA
"MtCH4",1905,27.9,NA,NA,2.0148172488,NA,NA
"MtCH4",1906,27.9,NA,NA,2.0464427637,NA,NA
"MtCH4",1907,27.9,NA,NA,2.0954707641,NA,NA
"MtCH4",1908,27.9,NA,NA,2.0967066225,NA,NA
"MtCH4",1909,27.9,NA,NA,2.1253775553,NA,NA
"MtCH4",1910,27.9,NA,NA,2.1528103698,NA,NA
"MtCH4",1911,27.9,NA,NA,2.1749664573,NA,NA
"MtCH4",1912,27.9,NA,NA,2.1993944418,NA,NA
"MtCH4",1913,27.9,NA,NA,2.2405428963,NA,NA
"MtCH4",1914,27.9,NA,NA,2.217715758,NA,NA
"MtCH4",1915,27.9,NA,NA,2.228482368,NA,NA
"MtCH4",1916,27.9,NA,NA,2.2698709578,NA,NA
"MtCH4",1917,27.9,NA,NA,2.3011401897,NA,NA
"MtCH4",1918,27.9,NA,NA,2.2949692119,NA,NA
"MtCH4",1919,27.9,NA,NA,2.2670356203,NA,NA
"MtCH4",1920,27.9,NA,NA,2.3298338331,NA,NA
"MtCH4",1921,27.9,NA,NA,2.290747914,NA,NA
"MtCH4",1922,27.9,NA,NA,2.3390606421,NA,NA
"MtCH4",1923,27.9,NA,NA,2.4154079319,NA,NA
"MtCH4",1924,27.9,NA,NA,2.4434011458,NA,NA
"MtCH4",1925,27.9,NA,NA,2.4667622064,NA,NA
"MtCH4",1926,27.9,NA,NA,2.4757792353,NA,NA
"MtCH4",1927,27.9,NA,NA,2.5462139013,NA,NA
"MtCH4",1928,27.9,NA,NA,2.5633559961,NA,NA
"MtCH4",1929,27.9,NA,NA,2.6198519616,NA,NA
"MtCH4",1930,27.9,NA,NA,2.6236078875,NA,NA
"MtCH4",1931,27.9,NA,NA,2.6119412793,NA,NA
"MtCH4",1932,27.9,NA,NA,2.6099703117,NA,NA
"MtCH4",1933,27.9,NA,NA,2.6529488946,NA,NA
"MtCH4",1934,27.9,NA,NA,2.7167204547,NA,NA
"MtCH4",1935,27.9,NA,NA,2.7656506935,NA,NA
"MtCH4",1936,27.9,NA,NA,2.841773193,NA,NA
"MtCH4",1937,27.9,NA,NA,2.902781844,NA,NA
"MtCH4",1938,27.9,NA,NA,2.91164121,NA,NA
"MtCH4",1939,27.9,NA,NA,2.967519609,NA,NA
"MtCH4",1940,27.9,NA,NA,3.031456923,NA,NA
"MtCH4",1941,27.9,NA,NA,3.082448916,NA,NA
"MtCH4",1942,27.9,NA,NA,3.11845833,NA,NA
"MtCH4",1943,27.9,NA,NA,3.180078828,NA,NA
"MtCH4",1944,27.9,NA,NA,3.225122541,NA,NA
"MtCH4",1945,27.9,NA,NA,3.192316326,NA,NA
"MtCH4",1946,27.9,NA,NA,3.282585381,NA,NA
"MtCH4",1947,27.9,NA,NA,3.387249999,NA,NA
"MtCH4",1948,27.9,NA,NA,3.435309981,NA,NA
"MtCH4",1949,27.9,NA,NA,3.475599255,NA,NA
"MtCH4",1950,27.9,NA,NA,3.557883888,NA,NA
"MtCH4",1951,27.9,NA,NA,3.670405146,NA,NA
"MtCH4",1952,27.9,NA,NA,3.74686677,NA,NA
"MtCH4",1953,27.9,NA,NA,3.83446998,NA,NA
"MtCH4",1954,27.9,NA,NA,3.931731333,NA,NA
"MtCH4",1955,27.9,NA,NA,4.115195874,NA,NA
"MtCH4",1956,27.9,NA,NA,4.240591866,NA,NA
"MtCH4",1957,27.9,NA,NA,4.364115489,NA,NA
"MtCH4",1958,27.9,NA,NA,4.452951042,NA,NA
"MtCH4",1959,27.9,NA,NA,4.64542533,NA,NA
"MtCH4",1960,27.9,NA,NA,4.778113545,NA,NA
"MtCH4",1961,27.9,NA,NA,4.819597776,NA,NA
"MtCH4",1962,27.9,NA,NA,4.89627423,NA,NA
"MtCH4",1963,27.9,NA,NA,5.014258029,NA,NA
"MtCH4",1964,27.9,NA,NA,5.112300861,NA,NA
"MtCH4",1965,27.9,NA,NA,5.244749973,NA,NA
"MtCH4",1966,27.9,NA,NA,5.438582991,NA,NA
"MtCH4",1967,27.9,NA,NA,5.501685258,NA,NA
"MtCH4",1968,27.9,NA,NA,5.593461471,NA,NA
"MtCH4",1969,27.9,NA,NA,5.765987817,NA,NA
"MtCH4",1970,27.9,NA,NA,5.913418392,NA,NA
"MtCH4",1971,27.9,NA,NA,5.931506799,NA,NA
"MtCH4",1972,27.9,NA,NA,6.055044372,NA,NA
"MtCH4",1973,27.9,NA,NA,6.209755731,NA,NA
"MtCH4",1974,27.9,NA,NA,6.229990764,NA,NA
"MtCH4",1975,27.9,NA,NA,6.315886215,NA,NA
"MtCH4",1976,27.9,NA,NA,6.408602937,NA,NA
"MtCH4",1977,27.9,NA,NA,6.488835525,NA,NA
"MtCH4",1978,27.9,NA,NA,6.515872857,NA,NA
"MtCH4",1979,27.9,NA,NA,6.677913546,NA,NA
"MtCH4",1980,27.9,NA,NA,6.644636379,NA,NA
"MtCH4",1981,27.9,NA,NA,6.47861994,NA,NA
"MtCH4",1982,27.9,NA,NA,6.550706286,NA,NA
"MtCH4",1983,27.9,NA,NA,6.551675532,NA,NA
"MtCH4",1984,27.9,NA,NA,6.629444829,NA,NA
"MtCH4",1985,27.9,NA,NA,6.715913625,NA,NA
"MtCH4",1986,27.9,NA,NA,6.796219869,NA,NA
"MtCH4",1987,27.9,NA,NA,6.854532822,NA,NA
"MtCH4",1988,27.9,NA,NA,6.959527776,NA,NA
"MtCH4",1989,27.9,NA,NA,7.113117834,NA,NA
"MtCH4",1990,27.9,NA,NA,7.162078428,NA,NA
"MtCH4",1991,27.9,NA,NA,7.110473193,NA,NA
"MtCH4",1992,27.9,NA,NA,7.111760778,NA,NA
"MtCH4",1993,27.9,NA,NA,7.103548134,NA,NA
"MtCH4",1994,27.9,NA,NA,7.17585489,NA,NA
"MtCH4",1995,27.9,NA,NA,7.261683381,NA,NA
"MtCH4",1996,27.9,NA,NA,7.342554042,NA,NA
"MtCH4",1997,27.9,NA,NA,7.312412835,NA,NA
"MtCH4",1998,27.9,NA,NA,7.252801416,NA,NA
"MtCH4",1999,27.9,NA,NA,7.271589276,NA,NA
"MtCH4",2000,27.9,NA,NA,7.373737035,NA,NA
"MtCH4",2001,27.9,NA,NA,7.353559476,NA,NA
"MtCH4",2002,27.9,NA,NA,7.315330896,NA,NA
"MtCH4",2003,27.9,NA,NA,7.491286431,NA,NA
"MtCH4",2004,27.9,NA,NA,7.627832658,NA,NA
"MtCH4",2005,27.9,NA,NA,7.743612636,NA,NA
"MtCH4",2006,27.9,NA,NA,7.866271359,NA,NA
"MtCH4",2007,27.9,NA,NA,7.916794353,NA,NA
"MtCH4",2008,27.9,NA,NA,7.98296283,NA,NA
"MtCH4",2009,27.9,NA,NA,7.9322769,NA,NA
"MtCH4",2010,27.9,NA,NA,8.058531096,NA,NA
"MtCH4",2011,27.9,NA,NA,8.289513801,NA,NA
"MtCH4",2012,27.9,NA,NA,8.356626414,NA,NA
"MtCH4",2013,27.9,NA,NA,8.308616652,NA,NA
"MtCH4",2014,27.9,NA,NA,8.386863039,NA,NA
"MtCH4",2015,27.9,NA,NA,8.401728438,NA,NA
"MtCH4",2016,27.9,NA,NA,8.438158305,NA,NA
"MtCH4",2017,27.9,NA,NA,8.576309898,NA,NA
"MtCH4",2018,27.9,NA,NA,8.705310849,NA,NA
"MtCH4",2019,27.9,NA,NA,8.77280067,NA,NA
"MtCH4",2020,27.9,NA,NA,8.67860748,NA,NA
"MtCH4",2021,27.9,NA,NA,8.855243775,NA,NA
"MtCH4",2022,27.9,NA,NA,9.034107885,NA,NA
"MtCH4",2023,27.9,NA,NA,9.164639988,NA,NA
"MtN2O",1750,273,NA,0.04335659055,NA,NA,NA
"MtN2O",1751,273,NA,0.04391189712,NA,NA,NA
"MtN2O",1752,273,NA,0.04444334622,NA,NA,NA
"MtN2O",1753,273,NA,0.04497478713,NA,NA,NA
"MtN2O",1754,273,NA,0.04550623896,NA,NA,NA
"MtN2O",1755,273,NA,0.04603768806,NA,NA,NA
"MtN2O",1756,273,NA,0.04657077516,NA,NA,NA
"MtN2O",1757,273,NA,0.04710222699,NA,NA,NA
"MtN2O",1758,273,NA,0.04763367609,NA,NA,NA
"MtN2O",1759,273,NA,0.04816512792,NA,NA,NA
"MtN2O",1760,273,NA,0.04869656883,NA,NA,NA
"MtN2O",1761,273,NA,0.04923701874,NA,NA,NA
"MtN2O",1762,273,NA,0.04977503622,NA,NA,NA
"MtN2O",1763,273,NA,0.0503130537,NA,NA,NA
"MtN2O",1764,273,NA,0.05085107118,NA,NA,NA
"MtN2O",1765,273,NA,0.05138908866,NA,NA,NA
"MtN2O",1766,273,NA,0.05193034392,NA,NA,NA
"MtN2O",1767,273,NA,0.0524683614,NA,NA,NA
"MtN2O",1768,273,NA,0.05300637888,NA,NA,NA
"MtN2O",1769,273,NA,0.05354439636,NA,NA,NA
"MtN2O",1770,273,NA,0.05408241384,NA,NA,NA
"MtN2O",1771,273,NA,0.05468221941,NA,NA,NA
"MtN2O",1772,273,NA,0.05527861794,NA,NA,NA
"MtN2O",1773,273,NA,0.05587501647,NA,NA,NA
"MtN2O",1774,273,NA,0.056471415,NA,NA,NA
"MtN2O",1775,273,NA,0.05706781626,NA,NA,NA
"MtN2O",1776,273,NA,0.05766780747,NA,NA,NA
"MtN2O",1777,273,NA,0.05826489669,NA,NA,NA
"MtN2O",1778,273,NA,0.05886201048,NA,NA,NA
"MtN2O",1779,273,NA,0.05945914884,NA,NA,NA
"MtN2O",1780,273,NA,0.06005631996,NA,NA,NA
"MtN2O",1781,273,NA,0.0606361119,NA,NA,NA
"MtN2O",1782,273,NA,0.06121138569,NA,NA,NA
"MtN2O",1783,273,NA,0.06178670862,NA,NA,NA
"MtN2O",1784,273,NA,0.06236206704,NA,NA,NA
"MtN2O",1785,273,NA,0.0629561205,NA,NA,NA
"MtN2O",1786,273,NA,0.06353738118,NA,NA,NA
"MtN2O",1787,273,NA,0.06411287064,NA,NA,NA
"MtN2O",1788,273,NA,0.06468839286,NA,NA,NA
"MtN2O",1789,273,NA,0.06526396422,NA,NA,NA
"MtN2O",1790,273,NA,0.06583957653,NA,NA,NA
"MtN2O",1791,273,NA,0.06645210936,NA,NA,NA
"MtN2O",1792,273,NA,0.06707456847,NA,NA,NA
"MtN2O",1793,273,NA,0.06768184059,NA,NA,NA
"MtN2O",1794,273,NA,0.06828755934,NA,NA,NA
"MtN2O",1795,273,NA,0.06889467039,NA,NA,NA
"MtN2O",1796,273,NA,0.0695070831,NA,NA,NA
"MtN2O",1797,273,NA,0.07011750564,NA,NA,NA
"MtN2O",1798,273,NA,0.0707279391,NA,NA,NA
"MtN2O",1799,273,NA,0.07134005424,NA,NA,NA
"MtN2O",1800,273,NA,0.07201028562,NA,NA,NA
"MtN2O",1801,273,NA,0.07271098653,NA,NA,NA
"MtN2O",1802,273,NA,0.07345472589,NA,NA,NA
"MtN2O",1803,273,NA,0.07416796296,NA,NA,NA
"MtN2O",1804,273,NA,0.07489542333,NA,NA,NA
"MtN2O",1805,273,NA,0.07560587307,NA,NA,NA
"MtN2O",1806,273,NA,0.07630923027,NA,NA,NA
"MtN2O",1807,273,NA,0.07708076103,NA,NA,NA
"MtN2O",1808,273,NA,0.0777293517,NA,NA,NA
"MtN2O",1809,273,NA,0.07843660188,NA,NA,NA
"MtN2O",1810,273,NA,0.0791460033,NA,NA,NA
"MtN2O",1811,273,NA,0.07994026131,NA,NA,NA
"MtN2O",1812,273,NA,0.08073690261,NA,NA,NA
"MtN2O",1813,273,NA,0.08152687998,NA,NA,NA
"MtN2O",1814,273,NA,0.08232322917,NA,NA,NA
"MtN2O",1815,273,NA,0.08312754996,NA,NA,NA
"MtN2O",1816,273,NA,0.0839796594,NA,NA,NA
"MtN2O",1817,273,NA,0.08481302739,NA,NA,NA
"MtN2O",1818,273,NA,0.08561369817,NA,NA,NA
"MtN2O",1819,273,NA,0.08638824285,NA,NA,NA
"MtN2O",1820,273,NA,0.08718831576,NA,NA,NA
"MtN2O",1821,273,NA,0.08817853317,NA,NA,NA
"MtN2O",1822,273,NA,0.0891708909,NA,NA,NA
"MtN2O",1823,273,NA,0.0901746573,NA,NA,NA
"MtN2O",1824,273,NA,0.09115701504,NA,NA,NA
"MtN2O",1825,273,NA,0.09220089606,NA,NA,NA
"MtN2O",1826,273,NA,0.09321009789,NA,NA,NA
"MtN2O",1827,273,NA,0.09425433108,NA,NA,NA
"MtN2O",1828,273,NA,0.09526350288,NA,NA,NA
"MtN2O",1829,273,NA,0.09624864522,NA,NA,NA
"MtN2O",1830,273,NA,0.09739864407,NA,NA,NA
"MtN2O",1831,273,NA,0.09866263134,NA,NA,NA
"MtN2O",1832,273,NA,0.10004469384,NA,NA,NA
"MtN2O",1833,273,NA,0.1014461448,NA,NA,NA
"MtN2O",1834,273,NA,0.10271749761,NA,NA,NA
"MtN2O",1835,273,NA,0.10419658977,NA,NA,NA
"MtN2O",1836,273,NA,0.10561611879,NA,NA,NA
"MtN2O",1837,273,NA,0.10703138901,NA,NA,NA
"MtN2O",1838,273,NA,0.10827240606,NA,NA,NA
"MtN2O",1839,273,NA,0.10966805577,NA,NA,NA
"MtN2O",1840,273,NA,0.1110899517,NA,NA,NA
"MtN2O",1841,273,NA,0.11295602955,NA,NA,NA
"MtN2O",1842,273,NA,0.11492301093,NA,NA,NA
"MtN2O",1843,273,NA,0.11683552335,NA,NA,NA
"MtN2O",1844,273,NA,0.1189744101,NA,NA,NA
"MtN2O",1845,273,NA,0.12123092709,NA,NA,NA
"MtN2O",1846,273,NA,0.1234526202,NA,NA,NA
"MtN2O",1847,273,NA,0.12580008714,NA,NA,NA
"MtN2O",1848,273,NA,0.12788393982,NA,NA,NA
"MtN2O",1849,273,NA,0.1300304733,NA,NA,NA
"MtN2O",1850,273,NA,0.14381829735,NA,NA,NA
"MtN2O",1851,273,NA,0.14639860326,NA,NA,NA
"MtN2O",1852,273,NA,0.14892268209,NA,NA,NA
"MtN2O",1853,273,NA,0.15135574818,NA,NA,NA
"MtN2O",1854,273,NA,0.15366301041,NA,NA,NA
"MtN2O",1855,273,NA,0.15580968312,NA,NA,NA
"MtN2O",1856,273,NA,0.15776097519,NA,NA,NA
"MtN2O",1857,273,NA,0.1594820955,NA,NA,NA
"MtN2O",1858,273,NA,0.16093826112,NA,NA,NA
"MtN2O",1859,273,NA,0.16209468093,NA,NA,NA
"MtN2O",1860,273,NA,0.16291656654,NA,NA,NA
"MtN2O",1861,273,NA,0.16352818482,NA,NA,NA
"MtN2O",1862,273,NA,0.16408619136,NA,NA,NA
"MtN2O",1863,273,NA,0.16460437266,NA,NA,NA
"MtN2O",1864,273,NA,0.16509652068,NA,NA,NA
"MtN2O",1865,273,NA,0.16557642738,NA,NA,NA
"MtN2O",1866,273,NA,0.16605787653,NA,NA,NA
"MtN2O",1867,273,NA,0.16655466555,NA,NA,NA
"MtN2O",1868,273,NA,0.16708057821,NA,NA,NA
"MtN2O",1869,273,NA,0.16764940647,NA,NA,NA
"MtN2O",1870,273,NA,0.16827493956,NA,NA,NA
"MtN2O",1871,273,NA,0.17070056094,NA,NA,NA
"MtN2O",1872,273,NA,0.17618770806,NA,NA,NA
"MtN2O",1873,273,NA,0.18402726888,NA,NA,NA
"MtN2O",1874,273,NA,0.1935101259,NA,NA,NA
"MtN2O",1875,273,NA,0.20392715889,NA,NA,NA
"MtN2O",1876,273,NA,0.21456925035,NA,NA,NA
"MtN2O",1877,273,NA,0.22472728824,NA,NA,NA
"MtN2O",1878,273,NA,0.23369215233,NA,NA,NA
"MtN2O",1879,273,NA,0.24075472512,NA,NA,NA
"MtN2O",1880,273,NA,0.24520589184,NA,NA,NA
"MtN2O",1881,273,NA,0.24790324104,NA,NA,NA
"MtN2O",1882,273,NA,0.25022716719,NA,NA,NA
"MtN2O",1883,273,NA,0.25225275621,NA,NA,NA
"MtN2O",1884,273,NA,0.25405508856,NA,NA,NA
"MtN2O",1885,273,NA,0.25570925289,NA,NA,NA
"MtN2O",1886,273,NA,0.25729033239,NA,NA,NA
"MtN2O",1887,273,NA,0.25887341298,NA,NA,NA
"MtN2O",1888,273,NA,0.26053357512,NA,NA,NA
"MtN2O",1889,273,NA,0.26234590473,NA,NA,NA
"MtN2O",1890,273,NA,0.27223872858,NA,NA,NA
"MtN2O",1891,273,NA,0.2754802869,NA,NA,NA
"MtN2O",1892,273,NA,0.2788444386,NA,NA,NA
"MtN2O",1893,273,NA,0.2822884974,NA,NA,NA
"MtN2O",1894,273,NA,0.2857698207,NA,NA,NA
"MtN2O",1895,273,NA,0.2892457659,NA,NA,NA
"MtN2O",1896,273,NA,0.2926736358,NA,NA,NA
"MtN2O",1897,273,NA,0.2960108151,NA,NA,NA
"MtN2O",1898,273,NA,0.2992146339,NA,NA,NA
"MtN2O",1899,273,NA,0.3022424223,NA,NA,NA
"MtN2O",1900,273,NA,0.3050515377,NA,NA,NA
"MtN2O",1901,273,NA,0.3079831209,NA,NA,NA
"MtN2O",1902,273,NA,0.311343942,NA,NA,NA
"MtN2O",1903,273,NA,0.3150397068,NA,NA,NA
"MtN2O",1904,273,NA,0.3189760938,NA,NA,NA
"MtN2O",1905,273,NA,0.3230588088,NA,NA,NA
"MtN2O",1906,273,NA,0.3271936122,NA,NA,NA
"MtN2O",1907,273,NA,0.3312861552,NA,NA,NA
"MtN2O",1908,273,NA,0.3352421709,NA,NA,NA
"MtN2O",1909,273,NA,0.3389673651,NA,NA,NA
"MtN2O",1910,273,NA,0.3423674709,NA,NA,NA
"MtN2O",1911,273,NA,0.3462862221,NA,NA,NA
"MtN2O",1912,273,NA,0.3514512729,NA,NA,NA
"MtN2O",1913,273,NA,0.357593964,NA,NA,NA
"MtN2O",1914,273,NA,0.364445718,NA,NA,NA
"MtN2O",1915,273,NA,0.3717379575,NA,NA,NA
"MtN2O",1916,273,NA,0.3792020778,NA,NA,NA
"MtN2O",1917,273,NA,0.3865694742,NA,NA,NA
"MtN2O",1918,273,NA,0.3935715693,NA,NA,NA
"MtN2O",1919,273,NA,0.3999397857,NA,NA,NA
"MtN2O",1920,273,NA,0.4054054914,NA,NA,NA
"MtN2O",1921,273,NA,0.4105881234,NA,NA,NA
"MtN2O",1922,273,NA,0.4161786447,NA,NA,NA
"MtN2O",1923,273,NA,0.422015685,NA,NA,NA
"MtN2O",1924,273,NA,0.4279379559,NA,NA,NA
"MtN2O",1925,273,NA,0.4337840871,NA,NA,NA
"MtN2O",1926,273,NA,0.4393927902,NA,NA,NA
"MtN2O",1927,273,NA,0.4446027222,NA,NA,NA
"MtN2O",1928,273,NA,0.4492525674,NA,NA,NA
"MtN2O",1929,273,NA,0.4531809555,NA,NA,NA
"MtN2O",1930,273,NA,0.4562265981,NA,NA,NA
"MtN2O",1931,273,NA,0.4587101883,NA,NA,NA
"MtN2O",1932,273,NA,0.4611241635,NA,NA,NA
"MtN2O",1933,273,NA,0.4635647016,NA,NA,NA
"MtN2O",1934,273,NA,0.4661280624,NA,NA,NA
"MtN2O",1935,273,NA,0.4689104784,NA,NA,NA
"MtN2O",1936,273,NA,0.4720081275,NA,NA,NA
"MtN2O",1937,273,NA,0.4755172695,NA,NA,NA
"MtN2O",1938,273,NA,0.4795341096,NA,NA,NA
"MtN2O",1939,273,NA,0.4841549076,NA,NA,NA
"MtN2O",1940,273,NA,0.4894758414,NA,NA,NA
"MtN2O",1941,273,NA,0.5070009126,NA,NA,NA
"MtN2O",1942,273,NA,0.5449412787,NA,NA,NA
"MtN2O",1943,273,NA,0.5984538651,NA,NA,NA
"MtN2O",1944,273,NA,0.6626956518,NA,NA,NA
"MtN2O",1945,273,NA,0.7328236188,NA,NA,NA
"MtN2O",1946,273,NA,0.8039947461,NA,NA,NA
"MtN2O",1947,273,NA,0.8713659591,NA,NA,NA
"MtN2O",1948,273,NA,0.9300942651,NA,NA,NA
"MtN2O",1949,273,NA,0.9753366168,NA,NA,NA
"MtN2O",1950,273,NA,1.0022499669,NA,NA,NA
"MtN2O",1951,273,NA,1.0188393852,NA,NA,NA
"MtN2O",1952,273,NA,1.0364096925,NA,NA,NA
"MtN2O",1953,273,NA,1.0550676045,NA,NA,NA
"MtN2O",1954,273,NA,1.0749197823,NA,NA,NA
"MtN2O",1955,273,NA,1.0960729143,NA,NA,NA
"MtN2O",1956,273,NA,1.1186336889,NA,NA,NA
"MtN2O",1957,273,NA,1.1427087945,NA,NA,NA
"MtN2O",1958,273,NA,1.1684049195,NA,NA,NA
"MtN2O",1959,273,NA,1.1958287523,NA,NA,NA
"MtN2O",1960,273,NA,1.225086954,NA,NA,NA
"MtN2O",1961,273,NA,1.297172604,NA,NA,NA
"MtN2O",1962,273,NA,1.3422058923,NA,NA,NA
"MtN2O",1963,273,NA,1.3864553976,NA,NA,NA
"MtN2O",1964,273,NA,1.4364497784,NA,NA,NA
"MtN2O",1965,273,NA,1.4932725171,NA,NA,NA
"MtN2O",1966,273,NA,1.5570357348,NA,NA,NA
"MtN2O",1967,273,NA,1.6136242395,NA,NA,NA
"MtN2O",1968,273,NA,1.665487824,NA,NA,NA
"MtN2O",1969,273,NA,1.7052347949,NA,NA,NA
"MtN2O",1970,273,NA,1.7315049024,NA,NA,NA
"MtN2O",1971,273,NA,1.7198802348,NA,NA,NA
"MtN2O",1972,273,NA,1.7809581699,NA,NA,NA
"MtN2O",1973,273,NA,1.8391465911,NA,NA,NA
"MtN2O",1974,273,NA,1.8524386608,NA,NA,NA
"MtN2O",1975,273,NA,1.9069151556,NA,NA,NA
"MtN2O",1976,273,NA,1.9556521257,NA,NA,NA
"MtN2O",1977,273,NA,2.0020314132,NA,NA,NA
"MtN2O",1978,273,NA,2.0402966493,NA,NA,NA
"MtN2O",1979,273,NA,2.0982805116,NA,NA,NA
"MtN2O",1980,273,NA,2.1176929683,NA,NA,NA
"MtN2O",1981,273,NA,2.0693124816,NA,NA,NA
"MtN2O",1982,273,NA,2.1272445558,NA,NA,NA
"MtN2O",1983,273,NA,2.1653956233,NA,NA,NA
"MtN2O",1984,273,NA,2.1778367247,NA,NA,NA
"MtN2O",1985,273,NA,2.1770207004,NA,NA,NA
"MtN2O",1986,273,NA,2.1848293194,NA,NA,NA
"MtN2O",1987,273,NA,2.2320861654,NA,NA,NA
"MtN2O",1988,273,NA,2.229305442,NA,NA,NA
"MtN2O",1989,273,NA,2.250035151,NA,NA,NA
"MtN2O",1990,273,NA,2.266297488,NA,NA,NA
"MtN2O",1991,273,NA,2.2633861887,NA,NA,NA
"MtN2O",1992,273,NA,2.2718177118,NA,NA,NA
"MtN2O",1993,273,NA,2.2570177539,NA,NA,NA
"MtN2O",1994,273,NA,2.287049037,NA,NA,NA
"MtN2O",1995,273,NA,2.3430884022,NA,NA,NA
"MtN2O",1996,273,NA,2.393662362,NA,NA,NA
"MtN2O",1997,273,NA,2.3503042563,NA,NA,NA
"MtN2O",1998,273,NA,2.3787279243,NA,NA,NA
"MtN2O",1999,273,NA,2.3988719118,NA,NA,NA
"MtN2O",2000,273,NA,2.3904053901,NA,NA,NA
"MtN2O",2001,273,NA,2.3855799786,NA,NA,NA
"MtN2O",2002,273,NA,2.4030769854,NA,NA,NA
"MtN2O",2003,273,NA,2.419630122,NA,NA,NA
"MtN2O",2004,273,NA,2.4880422021,NA,NA,NA
"MtN2O",2005,273,NA,2.5104898728,NA,NA,NA
"MtN2O",2006,273,NA,2.5465334895,NA,NA,NA
"MtN2O",2007,273,NA,2.6131911351,NA,NA,NA
"MtN2O",2008,273,NA,2.583179235,NA,NA,NA
"MtN2O",2009,273,NA,2.5529533302,NA,NA,NA
"MtN2O",2010,273,NA,2.6176142811,NA,NA,NA
"MtN2O",2011,273,NA,2.7033335511,NA,NA,NA
"MtN2O",2012,273,NA,2.7177094035,NA,NA,NA
"MtN2O",2013,273,NA,2.7006362292,NA,NA,NA
"MtN2O",2014,273,NA,2.734247334,NA,NA,NA
"MtN2O",2015,273,NA,2.74165983,NA,NA,NA
"MtN2O",2016,273,NA,2.759551704,NA,NA,NA
"MtN2O",2017,273,NA,2.815031037,NA,NA,NA
"MtN2O",2018,273,NA,2.814308679,NA,NA,NA
"MtN2O",2019,273,NA,2.819371737,NA,NA,NA
"MtN2O",2020,273,NA,2.853203808,NA,NA,NA
"MtN2O",2021,273,NA,2.895777339,NA,NA,NA
"MtN2O",2022,273,NA,2.882097582,NA,NA,NA
"MtN2O",2023,273,NA,2.912036946,NA,NA,NA
